Spain, Female exposure to risk by calendar year, age and parity
Last modified: 18/03/2025
Year   Age            E0x            E1x            E2x            E3x            E4x
1991    12      300368.66           0.00           0.00           0.00           0.00
1991    13      311271.09         234.30           4.62           1.49           2.51
1991    14      321707.84         361.24          23.92           2.52           2.04
1991    15      327966.15         794.12         124.09           2.52           1.00
1991    16      329125.62        1840.41         283.70          14.99           1.51
1991    17      320621.69        3846.46         488.56          37.71           1.52
1991    18      318018.63        7441.01         891.16          69.96           2.02
1991    19      309980.29       12441.04        1607.54         127.04          15.55
1991    20      298803.65       18525.07        2817.61         247.77          53.96
1991    21      286329.91       26099.32        4979.85         505.67          98.05
1991    22      270717.22       34310.59        7965.94         883.80         165.69
1991    23      261895.66       44459.24       12270.65        1456.07         289.67
1991    24      243417.35       54414.13       17574.64        2323.33         479.64
1991    25      221666.86       65067.34       24566.51        3494.57         757.31
1991    26      198785.72       77177.85       34206.43        5127.91        1198.01
1991    27      172116.29       86695.41       45494.72        7167.74        1755.37
1991    28      142029.57       91076.28       57543.36        9681.78        2392.20
1991    29      116553.77       92444.65       71194.01       12935.88        3269.64
1991    30       96561.07       90413.11       86366.62       17033.94        4659.67
1991    31       80772.13       84578.25      100900.54       22124.51        6664.53
1991    32       68372.89       75381.91      110702.80       27274.02        8634.73
1991    33       59337.00       66434.82      116340.35       32137.25       10641.58
1991    34       50708.87       56644.27      115690.18       35739.53       12661.94
1991    35       44416.14       49009.23      113871.65       39221.45       14952.27
1991    36       40429.10       43840.25      111628.18       42828.92       17280.25
1991    37       36763.63       39194.02      108102.33       45882.16       19778.07
1991    38       34880.93       36033.99      107269.54       49751.04       23251.82
1991    39       32354.88       32188.32      101443.56       51094.76       25611.97
1991    40       31482.28       30180.10       97912.25       52892.31       28190.66
1991    41       30496.41       28079.16       94316.72       54215.67       31185.57
1991    42       30536.29       27416.77       95107.19       58660.39       36750.21
1991    43       31263.87       27046.18       94587.54       61855.15       41436.09
1991    44       28308.49       23505.30       81946.33       55646.96       39471.01
1991    45       29392.90       24243.52       82690.63       58479.75       44617.04
1991    46       28952.47       23571.86       79481.69       58159.20       47631.38
1991    47       28584.79       22487.26       75577.13       56667.56       49238.16
1991    48       27435.32       21359.78       69446.21       53238.12       49131.51
1991    49       23626.68       18787.07       58050.80       44766.24       43561.01
1991    50       24788.03       19934.68       60547.42       47560.69       48233.00
1991    51       25095.37       19566.06       57972.81       46636.99       49725.86
1991    52       22785.77       17677.67       50232.97       40308.38       44825.94
1991    53       24852.69       20175.80       55201.88       43919.34       49494.67
1991    54       28784.01       23492.20       61984.15       48747.92       55946.02
1991    55       30894.08       24854.29       64847.06       50529.64       58839.61
1992    12      285646.55           0.00           0.00           0.00           0.00
1992    13      302001.70         120.38           1.51           0.00           0.98
1992    14      313206.11         301.37           7.03           1.50           2.52
1992    15      323377.37         671.96          31.67           2.54           2.05
1992    16      328806.10        1721.06         155.59           2.17           1.43
1992    17      328582.68        3888.52         396.41          20.53           2.20
1992    18      318454.78        7210.99         780.56          54.41           3.03
1992    19      314110.35       12058.87        1505.83         114.33           5.87
1992    20      304697.36       17926.30        2646.82         226.14          25.40
1992    21      292277.18       24530.63        4403.95         425.94          78.37
1992    22      278416.17       32632.03        7305.73         783.24         146.13
1992    23      261300.53       41521.18       11131.94        1283.53         245.72
1992    24      250026.54       52904.71       16486.38        2035.20         407.55
1992    25      228837.92       63981.18       22960.26        3087.10         646.48
1992    26      204875.17       75218.24       31426.60        4473.46         990.50
1992    27      180591.57       86919.28       42732.95        6365.06        1508.58
1992    28      153983.23       94559.02       55482.90        8688.94        2139.09
1992    29      125662.87       95672.71       68475.10       11514.63        2836.49
1992    30      102700.38       93665.41       82554.37       15083.29        3810.70
1992    31       85612.30       88894.29       97134.94       19484.46        5308.15
1992    32       72631.98       81480.24      110138.18       24796.53        7404.95
1992    33       62408.15       71947.10      117933.39       29918.62        9434.73
1992    34       54905.61       63554.94      121558.42       34608.84       11504.74
1992    35       47431.81       54683.92      119065.95       37888.96       13538.64
1992    36       42038.79       47776.70      115886.68       41026.18       15772.65
1992    37       38657.93       43197.09      112674.70       44261.03       18043.99
1992    38       35429.25       38990.10      108661.50       46914.46       20484.66
1992    39       33871.15       36092.63      107638.70       50499.64       23897.29
1992    40       31586.00       32393.95      101643.12       51604.05       26128.12
1992    41       30866.38       30439.28       97949.68       53142.80       28566.76
1992    42       30098.28       28327.69       94397.40       54348.78       31476.78
1992    43       30302.89       27686.37       95330.75       58834.63       37017.86
1992    44       31089.34       27235.86       94693.35       61935.33       41587.05
1992    45       28203.56       23584.83       81953.65       55649.47       39511.63
1992    46       29374.92       24322.62       82811.10       58567.40       44698.83
1992    47       28944.93       23614.06       79543.15       58208.02       47677.36
1992    48       28586.63       22514.61       75625.23       56702.69       49273.04
1992    49       27424.75       21363.29       69438.67       53232.98       49127.19
1992    50       23589.69       18762.96       57970.92       44705.68       43500.77
1992    51       24840.21       19980.23       60683.93       47668.80       48341.04
1992    52       25126.39       19595.24       58054.26       46702.19       49794.77
1992    53       22691.78       17607.10       50031.04       40146.61       44645.19
1992    54       24831.26       20159.02       55156.32       43883.20       49453.83
1992    55       28129.80       23301.30       62176.21       49345.00       55825.01
1993    12      273505.39           0.00           0.00           0.00           0.00
1993    13      287515.72          16.25           0.08           0.00           0.00
1993    14      303817.42         183.23           2.68           0.00           0.99
1993    15      315046.17         574.15          14.12           1.51           2.54
1993    16      324615.57        1491.87          66.95           2.06           2.56
1993    17      328721.83        3548.74         261.73           6.84           2.43
1993    18      326924.78        6985.11         659.40          35.36           4.12
1993    19      315242.78       11419.12        1329.94          90.20           9.02
1993    20      309577.74       17026.63        2444.48         200.03          18.38
1993    21      299143.93       23339.88        4066.16         383.10          49.02
1993    22      285433.06       30423.38        6435.83         676.19         124.96
1993    23      270033.14       39161.61       10154.18        1144.11         223.28
1993    24      250894.96       49153.90       14883.23        1795.33         356.52
1993    25      236660.72       62080.06       21430.26        2746.35         569.06
1993    26      212953.39       73994.87       29284.66        4007.52         858.09
1993    27      187381.81       85120.41       39273.78        5613.86        1263.69
1993    28      162393.41       95678.71       52253.91        7817.83        1853.98
1993    29      136472.86      100803.51       66377.60       10507.92        2544.81
1993    30      110603.59       98435.79       79913.78       13581.77        3320.18
1993    31       90845.90       93226.40       93618.70       17404.47        4378.46
1993    32       76723.40       86369.56      106957.82       22031.80        5960.57
1993    33       66015.00       78213.22      118254.07       27422.90        8135.99
1993    34       57519.11       69023.94      123919.19       32385.88       10220.96
1993    35       51198.47       61481.99      125694.76       36827.43       12326.66
1993    36       44732.65       53400.03      121664.81       39788.52       14311.29
1993    37       40104.76       47138.69      117358.85       42531.66       16488.05
1993    38       37199.99       43016.31      113502.67       45325.89       18701.24
1993    39       34338.56       39051.88      109190.13       47660.76       21070.09
1993    40       33043.46       36339.48      108038.56       51076.92       24398.26
1993    41       30993.50       32715.17      101889.41       51958.20       26500.66
1993    42       30444.21       30697.35       98041.04       53287.47       28817.81
1993    43       29840.63       28551.85       94535.91       54451.41       31673.98
1993    44       30199.10       27915.26       95637.51       59024.00       37229.82
1993    45       31013.16       27356.60       94831.62       62019.69       41684.74
1993    46       28166.42       23631.85       81998.45       55675.52       39547.41
1993    47       29393.79       24384.06       82944.25       58664.18       44776.56
1993    48       28949.48       23646.15       79603.84       58252.66       47716.26
1993    49       28604.66       22542.19       75695.79       56755.33       49320.68
1993    50       27415.66       21361.20       69428.55       53224.91       49119.35
1993    51       23554.52       18737.17       57891.06       44644.30       43440.11
1993    52       24910.29       20040.07       60861.34       47807.97       48481.96
1993    53       25149.00       19614.84       58110.03       46747.56       49842.52
1993    54       22608.68       17542.41       49848.44       40000.46       44482.43
1993    55       24771.94       19699.41       55296.21       44103.47       49511.37
1994    12      260730.67           0.00           0.00           0.00           0.00
1994    13      275424.41          10.57           0.00           0.00           0.00
1994    14      289348.64          71.11           0.57           0.00           0.00
1994    15      305430.07         431.26           7.36           0.42           1.00
1994    16      316391.99        1320.74          45.02           2.65           2.63
1994    17      324983.25        3111.48         164.44           4.49           2.90
1994    18      327587.72        6300.94         495.78          22.80           3.56
1994    19      324281.42       10800.62        1152.21          74.90          10.03
1994    20      311540.61       15814.72        2133.96         174.91          22.60
1994    21      304894.78       21819.86        3649.54         357.38          39.29
1994    22      293480.31       28444.28        5822.94         614.71          90.93
1994    23      278293.28       36113.47        8882.92         997.94         203.63
1994    24      260808.63       45978.28       13435.48        1604.85         332.59
1994    25      239397.32       57160.84       19196.20        2413.34         502.23
1994    26      222218.13       71377.95       27192.78        3579.05         759.82
1994    27      196415.08       83666.77       36452.87        5039.56        1099.81
1994    28      169914.19       93989.30       47925.58        6883.90        1565.73
1994    29      144928.95      102667.31       62596.40        9452.93        2226.28
1994    30      120597.97      104661.11       77829.51       12462.07        3005.87
1994    31       97943.64       98849.63       91175.89       15737.18        3838.55
1994    32       81365.57       91264.54      103764.58       19750.20        4949.90
1994    33       69624.35       83424.73      115477.13       24511.38        6597.58
1994    34       60703.73       75326.95      124867.61       29872.92        8841.61
1994    35       53542.89       66793.44      128582.75       34625.58       10953.08
1994    36       48226.61       60030.99      128770.68       38800.87       13069.87
1994    37       42622.92       52674.92      123528.59       41346.97       15003.29
1994    38       38569.42       46904.28      118496.72       43626.77       17113.76
1994    39       36030.62       43089.10      114186.36       46095.17       19261.53
1994    40       33459.62       39311.84      109620.52       48208.71       21504.93
1994    41       32447.89       36676.18      108424.05       51473.32       24747.06
1994    42       30615.76       33001.12      102140.54       52196.31       26754.13
1994    43       30179.59       30911.00       98146.92       53390.18       28979.43
1994    44       29699.55       28727.40       94689.16       54545.04       31802.49
1994    45       30181.68       28084.30       95946.00       59208.92       37386.74
1994    46       30994.88       27433.71       94950.96       62094.57       41753.22
1994    47       28148.97       23660.20       82023.58       55690.12       39564.59
1994    48       29415.85       24433.61       83059.57       58746.11       44840.47
1994    49       28960.37       23674.76       79666.29       58298.74       47754.14
1994    50       28620.23       22562.03       75754.57       56797.76       49357.84
1994    51       27403.21       21353.91       69404.45       53205.80       49101.31
1994    52       23518.40       18708.55       57802.80       44576.49       43373.88
1994    53       24976.05       20094.14       61024.81       47936.38       48611.89
1994    54       25172.81       19634.25       58167.54       46793.65       49891.43
1994    55       22782.10       17246.54       49621.88       40060.20       44129.35
1995    12      249500.98           0.00           0.00           0.00           0.00
1995    13      262210.42           8.99           0.00           0.00           0.00
1995    14      277302.14          58.80           1.73           0.00           0.00
1995    15      290983.11         305.92           7.06           0.07           0.00
1995    16      306557.22        1140.05          35.83           1.63           1.00
1995    17      316912.45        2829.37         133.97           6.99           3.06
1995    18      324356.29        5597.15         376.35          21.31           3.41
1995    19      325628.17        9635.39         936.61          62.12           7.73
1995    20      321270.79       14704.83        1897.74         155.35          23.02
1995    21      307745.48       19964.35        3214.02         319.35          41.83
1995    22      300170.46       26230.26        5205.95         578.14          72.10
1995    23      287492.64       33424.68        7938.39         921.48         157.06
1995    24      270340.37       42096.29       11723.16        1414.16         301.06
1995    25      250564.45       53128.93       17263.82        2159.01         462.65
1995    26      226771.19       65433.99       24248.86        3136.77         676.89
1995    27      206866.14       80553.32       33837.18        4495.92         986.65
1995    28      179630.90       92476.69       44586.57        6173.52        1377.06
1995    29      152957.27      101088.19       57624.24        8334.14        1900.49
1995    30      128989.77      107019.25       73818.19       11273.92        2637.37
1995    31      107118.71      105794.11       89441.11       14554.06        3489.90
1995    32       87738.14       97287.81      101813.11       17996.02        4376.08
1995    33       73812.45       88350.37      112868.92       22134.54        5537.98
1995    34       63921.45       80442.41      122717.88       26890.03        7236.57
1995    35       56373.36       72889.54      130257.39       32141.64        9519.89
1995    36       50304.42       65140.35      132135.38       36645.07       11641.28
1995    37       45851.92       59178.63      131055.93       40461.05       13735.19
1995    38       40943.11       52362.50      124969.21       42534.33       15602.67
1995    39       37367.60       46954.32      119371.38       44458.20       17636.23
1995    40       35125.93       43359.26      114723.53       46650.75       19669.49
1995    41       32819.90       39653.89      110008.17       48570.39       21813.80
1995    42       32063.74       37011.79      108793.18       51742.50       25005.36
1995    43       30393.50       33262.86      102407.40       52367.63       26937.78
1995    44       30030.50       31072.15       98264.33       53468.56       29075.65
1995    45       29639.52       28844.26       94840.63       54634.31       31880.76
1995    46       30214.36       28208.42       96232.43       59386.06       37510.58
1995    47       31005.20       27486.51       95063.71       62164.90       41807.51
1995    48       28140.42       23673.88       82037.84       55698.38       39572.50
1995    49       29449.28       24474.81       83179.85       58830.31       44904.91
1995    50       28972.65       23692.65       79714.59       58333.64       47782.72
1995    51       28637.81       22577.94       75804.77       56835.67       49390.51
1995    52       27393.09       21346.35       69380.61       53187.10       49084.06
1995    53       23477.28       18676.25       57705.24       44500.29       43299.74
1995    54       25038.98       20146.75       61183.21       48060.15       48737.40
1995    55       24198.57       19478.37       59393.08       47617.20       49140.53
1996    12      238152.45           0.00           0.00           0.00           0.00
1996    13      250641.45           6.01           0.49           0.00           0.00
1996    14      263660.00          56.80           0.81           0.00           0.00
1996    15      278999.06         272.09           7.71           0.00           0.00
1996    16      292169.46         952.70          37.90           0.97           0.00
1996    17      306893.20        2556.84         130.36           5.89           1.09
1996    18      316522.63        5109.36         344.46          23.33           4.45
1996    19      322958.98        8633.35         776.23          62.20           6.71
1996    20      323173.84       13185.07        1616.89         138.85          18.10
1996    21      318031.76       18477.53        2932.90         281.62          44.88
1996    22      303790.23       23838.78        4662.07         517.24          73.44
1996    23      295029.24       30545.14        7163.65         881.45         127.40
1996    24      280686.59       38612.76       10512.62        1327.86         247.47
1996    25      261240.07       48496.93       15176.01        1915.75         424.12
1996    26      238874.76       60765.83       21904.06        2823.72         624.51
1996    27      212821.35       73829.49       30318.30        3990.99         880.62
1996    28      190730.08       89100.68       41702.02        5578.68        1246.10
1996    29      162817.91       99633.19       54132.01        7517.92        1690.85
1996    30      136988.43      105616.32       68658.02        9997.20        2259.42
1996    31      115032.23      108441.67       85750.87       13293.25        3067.57
1996    32       96077.93      104262.95      101034.30       16838.81        4001.21
1996    33       79590.36       94077.37      111874.81       20397.30        4928.53
1996    34       67774.37       84876.56      120993.18       24526.92        6124.63
1996    35       59401.83       77461.27      128872.32       29176.37        7863.31
1996    36       53003.89       70699.38      134583.75       34255.27       10171.62
1996    37       47887.64       63776.83      134919.67       38391.95       12277.80
1996    38       44159.77       58463.71      132881.25       41798.06       14328.17
1996    39       39818.23       52134.80      126087.80       43492.09       16114.26
1996    40       36596.92       47028.92      120046.28       45118.51       18045.78
1996    41       34586.91       43535.82      115170.31       47094.90       19966.23
1996    42       32504.94       39858.89      110366.61       48849.46       22048.53
1996    43       31905.88       37220.76      109151.80       51959.39       25206.47
1996    44       30323.87       33415.41      102654.36       52531.89       27065.15
1996    45       29985.61       31146.36       98374.00       53541.55       29136.33
1996    46       29645.16       28911.37       94995.21       54724.13       31945.35
1996    47       30287.06       28307.25       96525.82       59566.04       37631.84
1996    48       31030.29       27521.90       95169.94       62229.98       41857.20
1996    49       28138.41       23677.53       82045.32       55701.07       39577.28
1996    50       29484.13       24507.51       83287.16       58904.99       44962.79
1996    51       28986.58       23705.70       79756.96       58363.87       47808.10
1996    52       28655.43       22593.06       75854.46       56872.23       49422.89
1996    53       27374.51       21332.28       69336.16       53152.38       49052.02
1996    54       23435.50       18644.33       57605.10       44422.83       43224.37
1996    55       25534.68       20539.68       62128.79       47821.27       47626.53
1997    12      229856.65           0.00           0.00           0.00           0.00
1997    13      238984.53           5.45           0.19           0.00           0.00
1997    14      251748.51          45.41           1.94           0.00           0.00
1997    15      264940.32         257.14           5.90           0.00           0.00
1997    16      280256.24         889.79          32.32           0.14           0.00
1997    17      292589.80        2298.57         124.96           5.78           0.41
1997    18      306300.65        4777.03         344.10          19.55           1.74
1997    19      315224.43        8087.19         734.33          61.04           7.00
1997    20      320842.13       12087.77        1432.23         139.54          16.74
1997    21      320262.16       16818.70        2608.76         257.82          41.52
1997    22      314394.30       22266.13        4289.19         463.78          80.28
1997    23      299207.13       27874.82        6473.85         788.61         126.65
1997    24      288893.47       35307.25        9554.38        1272.44         212.98
1997    25      272507.09       44483.43       13693.82        1804.66         363.86
1997    26      250396.00       55729.30       19427.49        2511.14         567.31
1997    27      225417.11       69108.80       27465.78        3624.43         800.86
1997    28      197445.45       82385.49       37498.39        4994.38        1100.79
1997    29      173659.55       97050.55       50870.11        6858.77        1528.16
1997    30      146056.29      105249.91       64918.11        9085.86        2037.90
1997    31      122368.09      107682.67       80562.68       11856.87        2668.31
1997    32      103198.50      107301.24       97930.77       15458.73        3550.67
1997    33       86910.92      101227.59      112156.81       19216.69        4538.32
1997    34       72841.41       90361.10      121037.10       22799.05        5494.23
1997    35       62888.42       81381.17      128103.43       26809.29        6723.43
1997    36       55831.79       74754.08      134019.46       31289.28        8479.42
1997    37       50443.24       68878.05      138043.10       36105.97       10791.02
1997    38       46152.88       62669.81      137128.86       39838.83       12854.61
1997    39       43025.58       57887.95      134327.44       42894.81       14848.34
1997    40       39085.94       51968.23      126980.94       44291.09       16532.90
1997    41       36157.04       47043.15      120641.42       45682.07       18353.96
1997    42       34352.79       43608.14      115594.66       47447.83       20203.83
1997    43       32398.25       39959.42      110701.57       49084.21       22229.64
1997    44       31892.77       37339.67      109478.44       52171.21       25351.40
1997    45       30342.45       33509.63      102894.33       52681.58       27169.82
1997    46       29994.92       31191.20       98481.47       53611.98       29189.27
1997    47       29675.81       28962.82       95136.16       54807.20       32001.72
1997    48       30368.00       28393.85       96807.89       59737.08       37748.11
1997    49       31056.72       27550.57       95262.28       62289.20       41901.02
1997    50       28138.27       23680.79       82051.09       55704.95       39580.49
1997    51       29516.73       24536.96       83382.88       58972.03       45015.12
1997    52       28998.14       23717.36       79792.10       58388.93       47829.81
1997    53       28664.75       22601.65       75880.97       56892.11       49440.16
1997    54       27357.29       21319.83       69293.92       53119.74       49022.40
1997    55       23338.05       18360.76       57950.79       44771.65       42558.92
1998    12      218076.31           0.00           0.00           0.00           0.00
1998    13      230804.20           5.66           0.07           0.00           0.00
1998    14      239776.15          46.80           0.98           0.00           0.00
1998    15      252680.12         245.08           7.07           0.00           0.00
1998    16      265796.43         844.49          32.32           0.42           0.00
1998    17      280764.18        2190.77         113.26           3.72           0.14
1998    18      292057.98        4479.55         324.27          18.07           0.56
1998    19      304730.91        7759.59         730.57          53.57           4.03
1998    20      313175.56       11544.27        1357.06         135.44          15.53
1998    21      318230.71       15728.42        2345.60         258.39          38.28
1998    22      316914.55       20571.94        3861.15         429.42          77.62
1998    23      310040.95       26345.09        5977.26         711.07         133.28
1998    24      293529.54       32554.72        8652.42        1136.09         204.93
1998    25      281226.01       40986.19       12482.54        1715.03         322.29
1998    26      262361.22       51569.77       17528.00        2357.05         498.37
1998    27      237521.37       64192.15       24360.04        3224.49         732.49
1998    28      210234.43       78084.99       34015.30        4503.93        1005.32
1998    29      180814.35       90944.78       45806.57        6100.25        1351.08
1998    30      156375.29      103965.86       61105.87        8310.57        1851.25
1998    31      130616.03      108577.27       76483.82       10845.25        2413.35
1998    32      109736.36      107572.10       92544.47       13840.55        3103.30
1998    33       93033.18      105029.86      109508.50       17696.31        4061.70
1998    34       79043.10       97823.03      122341.07       21612.48        5096.72
1998    35       67141.42       86943.80      128968.76       25102.17        6072.17
1998    36       58819.00       78629.27      133853.88       28937.28        7305.16
1998    37       52912.07       72848.82      138019.18       33146.08        9051.28
1998    38       48426.22       67748.71      140678.03       37630.26       11342.01
1998    39       44809.43       62039.16      138839.03       40991.49       13347.49
1998    40       42132.00       57682.30      135495.19       43751.82       15255.04
1998    41       38557.38       52043.54      127736.62       44888.28       16851.50
1998    42       35895.72       47178.71      121182.83       46071.69       18604.83
1998    43       34240.66       43723.32      115989.29       47699.04       20383.57
1998    44       32370.86       40071.16      111031.61       49268.78       22357.29
1998    45       31922.91       37467.31      109814.31       52350.28       25465.73
1998    46       30383.99       33600.52      103140.43       52814.72       27255.09
1998    47       30008.59       31229.20       98575.92       53666.13       29225.25
1998    48       29707.77       29004.60       95261.13       54878.79       32048.23
1998    49       30450.87       28478.02       97085.67       59909.03       37858.77
1998    50       31082.32       27578.65       95350.91       62347.31       41940.44
1998    51       28134.08       23679.71       82042.74       55699.28       39576.46
1998    52       29546.69       24564.23       83471.78       59034.73       45062.98
1998    53       29004.47       23723.94       79812.27       58403.50       47841.75
1998    54       28673.87       22609.13       75905.95       56910.45       49456.60
1998    55       27220.91       21010.38       70317.76       53495.21       47910.38
1999    12      213780.00           0.00           0.00           0.00           0.00
1999    13      219224.58           6.41           0.00           0.00           0.00
1999    14      231710.71          47.90           0.57           0.00           0.00
1999    15      240382.38         257.73           7.16           0.41           0.00
1999    16      253173.05         853.31          31.08           0.75           0.00
1999    17      265891.35        2139.10         104.71           3.32           0.08
1999    18      280275.79        4377.21         305.67          18.36           0.23
1999    19      290498.61        7455.60         720.51          47.87           6.00
1999    20      302404.23       11227.42        1366.74         117.25          15.24
1999    21      310621.05       15196.46        2234.85         260.31          33.58
1999    22      315106.84       19516.36        3545.38         441.70          73.53
1999    23      312797.38       24600.71        5504.48         674.34         130.50
1999    24      304537.82       31014.69        8129.66        1034.06         205.89
1999    25      286237.30       38188.99       11396.63        1540.93         307.11
1999    26      271456.16       48046.12       16034.27        2239.84         451.34
1999    27      249853.26       60187.59       22086.65        3011.40         656.60
1999    28      222504.27       73583.00       30367.41        4028.23         932.47
1999    29      193422.61       87253.44       41816.19        5531.87        1249.36
1999    30      163632.90       98492.00       55434.89        7405.44        1644.15
1999    31      140182.83      108388.93       72527.42        9952.26        2193.33
1999    32      116966.34      109504.92       88499.92       12759.82        2802.29
1999    33       98756.55      105901.44      104223.85       16020.83        3545.67
1999    34       84399.01      101771.48      120400.77       20080.83        4566.92
1999    35       72488.65       94324.27      131316.83       24002.66        5655.37
1999    36       62453.71       84105.06      135407.19       27335.02        6629.30
1999    37       55541.73       76628.31      138265.08       30910.23        7842.60
1999    38       50631.43       71620.59      141001.59       34763.57        9564.07
1999    39       46868.11       67035.38      142763.17       38879.42       11819.29
1999    40       43791.14       61773.64      140173.03       41892.26       13754.94
1999    41       41519.41       57751.94      136405.63       44383.26       15585.85
1999    42       38244.83       52213.01      128409.43       45306.38       17108.96
1999    43       35772.95       47332.54      121695.96       46354.11       18794.50
1999    44       34213.28       43846.08      116375.05       47900.92       20509.80
1999    45       32394.28       40180.97      111345.04       49430.94       22450.84
1999    46       31986.34       37580.70      110136.92       52515.13       25558.15
1999    47       30435.84       33683.19      103379.84       52941.26       27323.99
1999    48       30021.56       31259.25       98661.62       53713.84       29251.63
1999    49       29738.16       29041.93       95376.99       54947.25       32087.90
1999    50       30527.64       28554.31       97342.04       60067.08       37958.70
1999    51       31104.27       27600.99       95425.17       62395.31       41972.73
1999    52       28127.43       23675.47       82027.00       55688.20       39568.59
1999    53       29569.55       24584.38       83539.06       59082.14       45099.32
1999    54       29010.10       23728.33       79828.56       58415.18       47851.46
1999    55       28449.63       22912.86       77163.00       57029.84       48050.41
2000    12      207796.31           0.00           0.00           0.00           0.00
2000    13      214853.85          12.23           0.00           0.00           0.00
2000    14      220324.45          51.96           0.83           0.00           0.00
2000    15      232417.89         273.99           4.44           0.08           0.00
2000    16      240528.19         897.68          32.91           1.16           0.00
2000    17      252900.52        2175.38         106.17           4.04           0.00
2000    18      264967.44        4331.38         293.41          15.44           0.08
2000    19      278673.88        7447.35         700.08          53.42           2.21
2000    20      288052.21       11024.23        1376.68         120.92          12.98
2000    21      299383.85       14998.25        2308.15         245.59          35.95
2000    22      307286.48       19172.56        3469.29         462.19          72.22
2000    23      311032.74       23707.52        5189.34         705.07         128.56
2000    24      307389.03       29331.17        7639.07         991.02         203.34
2000    25      297200.63       36830.54       10851.00        1445.33         306.09
2000    26      276612.87       45342.07       14820.33        2051.32         442.08
2000    27      258822.16       56966.85       20459.94        2866.34         609.45
2000    28      234402.69       70388.39       27846.03        3790.88         848.58
2000    29      204954.60       83836.40       37793.58        5046.00        1172.64
2000    30      175049.03       96163.54       51129.77        6821.54        1528.63
2000    31      146433.78      104410.65       66427.28        8951.16        1964.14
2000    32      125040.31      110557.53       84893.25       11826.73        2571.12
2000    33      104693.12      108470.00      100821.48       14891.34        3228.97
2000    34       89211.09      102951.75      115582.73       18330.73        4023.70
2000    35       77040.15       98250.87      130205.00       22516.33        5102.78
2000    36       67005.12       91202.35      138867.09       26366.49        6203.91
2000    37       58659.47       81828.71      140545.84       29414.84        7165.69
2000    38       52967.73       75182.51      141716.20       32589.44        8359.33
2000    39       48856.29       70776.94      143438.09       36050.86       10030.06
2000    40       45683.20       66721.19      144371.63       39864.85       12222.99
2000    41       43077.96       61796.79      141194.50       42586.25       14072.74
2000    42       41153.18       57921.97      137183.61       44860.39       15835.11
2000    43       38095.43       52404.46      129030.79       45618.59       17301.89
2000    44       35735.76       47509.72      122179.05       46589.10       18932.06
2000    45       34232.97       43978.28      116732.45       48087.42       20599.53
2000    46       32442.03       40287.35      111637.56       49584.06       22523.29
2000    47       32056.48       37693.68      110456.20       52671.19       25639.36
2000    48       30489.11       33762.60      103616.26       53062.96       27387.12
2000    49       30035.80       31285.05       98737.75       53757.34       29273.49
2000    50       29765.48       29074.07       95479.73       55006.30       32122.18
2000    51       30601.12       28624.68       97582.84       60214.91       38052.64
2000    52       31124.21       27619.04       95489.59       62436.85       42000.87
2000    53       28115.84       23666.03       81994.64       55666.50       39553.32
2000    54       29592.52       24604.05       83605.81       59129.44       45135.90
2000    55       28931.35       24030.09       80761.95       58520.03       46574.47
2001    12      205828.02           0.00           0.00           0.00           0.00
2001    13      209000.40           5.67           0.00           0.00           0.00
2001    14      215886.77          61.66           2.24           0.00           0.00
2001    15      221215.25         294.49           6.30           0.00           0.00
2001    16      232642.40         951.76          33.00           0.99           0.00
2001    17      239912.74        2247.45         119.97           4.58           0.00
2001    18      251563.46        4396.75         315.00          18.44           0.85
2001    19      262893.92        7427.63         696.44          54.05           3.51
2001    20      276121.96       11120.73        1394.25         131.09           8.58
2001    21      284873.48       14893.67        2379.23         253.86          31.46
2001    22      295597.39       19086.09        3616.23         451.51          75.17
2001    23      303063.50       23465.96        5179.27         733.63         132.79
2001    24      305710.31       28527.87        7349.33        1043.11         208.54
2001    25      300111.20       35259.16       10304.51        1427.38         307.64
2001    26      287466.34       44224.93       14234.14        1962.12         451.45
2001    27      264166.82       54316.12       19098.89        2664.62         611.99
2001    28      243248.88       67510.47       25983.91        3650.63         816.27
2001    29      216449.51       81422.29       34991.02        4779.47        1103.35
2001    30      185859.42       93866.88       46732.32        6261.31        1458.62
2001    31      156766.77      103391.84       61789.21        8311.99        1850.73
2001    32      130611.70      107695.11       78391.80       10754.04        2327.23
2001    33      111655.60      110301.78       97642.96       13897.26        2999.64
2001    34       94123.43      105928.86      112807.49       17119.60        3706.61
2001    35       81043.54       99687.31      125767.67       20714.66        4540.36
2001    36       70865.02       95101.92      138433.70       24930.35        5644.81
2001    37       62629.06       88680.66      144880.93       28547.57        6741.08
2001    38       55728.85       80152.05      144565.54       31149.34        7680.06
2001    39       51000.21       74218.50      144458.80       33929.23        8807.24
2001    40       47516.40       70425.42      145268.38       37072.15       10403.58
2001    41       44862.13       66745.10      145611.82       40610.31       12535.43
2001    42       42657.19       61953.13      142033.39       43103.96       14310.93
2001    43       40976.08       58143.99      137857.55       45212.25       16027.46
2001    44       38056.27       52639.47      129589.99       45878.40       17451.15
2001    45       35764.03       47693.94      122633.47       46795.05       19038.67
2001    46       34278.16       44113.68      117076.85       48241.77       20674.43
2001    47       32497.53       40398.63      111929.87       49715.25       22588.78
2001    48       32130.40       37804.56      110769.84       52817.33       25714.83
2001    49       30543.35       33835.10      103839.17       53174.88       27444.89
2001    50       30049.28       31306.87       98806.37       53794.13       29293.00
2001    51       29790.23       29100.53       95567.28       55056.50       32151.76
2001    52       30670.68       28690.62       97809.63       60354.14       38140.93
2001    53       31141.75       27634.77       95545.35       62473.55       42025.24
2001    54       28099.88       23652.86       81949.77       55635.98       39531.88
2001    55       29874.51       24864.73       85395.45       58972.58       43086.65
2002    12      204833.97           0.00           0.00           0.00           0.00
2002    13      208447.20          11.43           0.00           0.00           0.00
2002    14      211509.23          58.95           0.82           0.00           0.00
2002    15      218182.37         305.37           6.58           0.42           0.00
2002    16      223020.33         995.25          36.54           0.83           0.00
2002    17      233405.72        2355.92         129.93           4.52           0.00
2002    18      240575.48        4507.43         338.79          20.84           0.12
2002    19      251965.25        7565.05         749.00          57.79           4.77
2002    20      263175.85       11252.46        1433.41         131.47          13.58
2002    21      276409.19       15282.00        2477.50         276.63          27.09
2002    22      284657.76       19202.88        3820.05         482.13          64.98
2002    23      295243.23       23745.46        5452.82         763.74         136.48
2002    24      301738.98       28769.40        7434.59        1115.22         226.76
2002    25      302469.86       35064.09       10127.98        1511.27         328.41
2002    26      294189.36       43417.63       13687.34        2003.03         459.50
2002    27      278272.56       54132.36       18546.48        2656.54         634.91
2002    28      251831.20       65706.30       24600.87        3503.14         836.05
2002    29      227798.64       79917.32       33066.27        4655.55        1097.49
2002    30      199123.08       93324.00       44024.30        5979.33        1423.40
2002    31      168647.79      103137.98       57667.54        7735.75        1803.85
2002    32      141438.29      108829.44       74278.17       10137.07        2239.54
2002    33      117743.47      109448.94       91553.93       12870.78        2764.43
2002    34      101049.04      109381.42      110725.25       16258.26        3487.19
2002    35       85834.95      103796.30      124402.30       19613.82        4247.04
2002    36       74816.86       97302.29      135170.14       23219.89        5112.57
2002    37       66469.25       93082.20      145802.10       27314.54        6221.94
2002    38       59570.00       87360.71      150238.34       30570.60        7292.11
2002    39       53776.13       79599.95      148422.92       32746.99        8174.04
2002    40       49758.45       74195.81      147211.93       35132.28        9226.95
2002    41       46804.27       70729.18      147364.69       37968.01       10767.37
2002    42       44534.56       67164.37      147201.21       41300.27       12832.28
2002    43       42599.01       62449.85      143347.96       43650.33       14551.13
2002    44       41082.56       58641.12      139030.22       45667.47       16236.96
2002    45       38224.35       53059.63      130592.42       46271.37       17625.64
2002    46       35964.71       48050.15      123534.25       47151.16       19194.77
2002    47       34470.14       44409.47      117847.41       48561.76       20815.66
2002    48       32683.60       40657.22      112640.53       50027.57       22735.23
2002    49       32304.40       38026.77      111419.39       53123.96       25866.26
2002    50       30683.15       34003.90      104350.24       53436.09       27579.13
2002    51       30174.08       31443.14       99232.35       54026.01       29419.06
2002    52       29925.41       29235.06       96009.19       55310.10       32300.24
2002    53       30816.42       28828.36       98279.40       60643.58       38324.32
2002    54       31202.40       27690.39       95735.98       62598.05       42109.04
2002    55       28074.24       23900.80       83520.99       55756.15       38494.16
2003    12      204524.72           0.00           0.00           0.00           0.00
2003    13      208489.07          15.54           0.00           0.00           0.00
2003    14      212154.46          84.37           1.34           0.00           0.00
2003    15      215143.47         325.17           5.25           0.08           0.00
2003    16      221299.74        1025.23          34.07           2.45           0.00
2003    17      225376.52        2407.66         139.63           4.83           0.00
2003    18      236015.07        4692.41         376.45          21.40           0.43
2003    19      243472.76        7764.30         792.05          70.73           1.65
2003    20      254920.67       11543.29        1496.12         147.12          14.24
2003    21      266332.16       15595.27        2548.53         281.84          35.11
2003    22      279448.25       19907.38        4001.99         528.92          62.00
2003    23      287436.52       24202.55        5746.48         841.45         125.07
2003    24      297132.50       29478.70        7836.32        1204.65         234.34
2003    25      301747.11       35819.95       10334.64        1641.19         355.84
2003    26      299704.80       43858.50       13636.17        2159.13         486.73
2003    27      287760.62       54059.24       18087.98        2779.08         656.32
2003    28      268054.91       66774.28       24239.24        3580.11         871.19
2003    29      238081.66       79463.77       31717.69        4554.28        1120.79
2003    30      211557.23       93581.25       42249.69        5892.28        1437.47
2003    31      182226.14      104678.88       55319.72        7471.48        1793.21
2003    32      153254.99      110691.91       70695.61        9574.03        2208.57
2003    33      128229.19      112444.40       88165.57       12326.88        2692.45
2003    34      107127.01      110021.75      105325.87       15306.89        3268.12
2003    35       92543.53      108137.76      123649.33       18926.38        4053.06
2003    36       79424.53      102014.38      135150.64       22272.17        4835.79
2003    37       70304.87       95654.66      143594.81       25696.13        5703.04
2003    38       63293.87       92088.72      152221.06       29555.59        6808.51
2003    39       57427.49       87101.97      155054.21       32401.44        7841.90
2003    40       52512.37       79875.89      152022.47       34139.81        8648.15
2003    41       49089.77       74756.50      149909.48       36187.25        9609.74
2003    42       46544.85       71406.24      149543.55       38786.15       11083.48
2003    43       44562.97       67913.07      149091.22       41977.96       13105.17
2003    44       42811.44       63159.97      145005.65       44228.49       14787.03
2003    45       41346.06       59254.86      140457.54       46171.92       16441.68
2003    46       38527.40       53605.27      131890.99       46752.68       17816.07
2003    47       36274.24       48519.73      124716.99       47612.70       19383.86
2003    48       34755.52       44813.35      118911.92       48999.87       21005.66
2003    49       32943.92       41008.22      113599.82       50453.76       22929.12
2003    50       32550.90       38336.61      112309.69       53549.20       26072.88
2003    51       30919.52       34274.10      105172.75       53857.26       27796.41
2003    52       30398.60       31681.04       99979.06       54432.55       29640.47
2003    53       30126.28       29434.14       96659.93       55684.51       32519.54
2003    54       30997.23       28999.75       98860.69       61001.68       38551.21
2003    55       30889.84       28565.06       97750.38       62615.32       40999.49
2004    12      206173.26           0.00           0.00           0.00           0.00
2004    13      207628.29           6.54           0.00           0.00           0.00
2004    14      211467.60          90.75           0.66           0.00           0.00
2004    15      215261.49         360.96           8.09           0.42           0.00
2004    16      217811.40        1055.00          34.16           1.62           0.00
2004    17      223519.31        2486.64         136.53           6.71           0.00
2004    18      227688.75        4753.67         393.10          22.82           0.07
2004    19      238583.49        8025.28         867.94          67.63           3.74
2004    20      246052.06       11781.51        1585.57         158.83          10.23
2004    21      257537.07       15980.89        2661.72         297.41          33.91
2004    22      268863.74       20295.96        4106.76         517.45          76.74
2004    23      281648.42       25039.86        5961.38         885.61         125.27
2004    24      288638.50       29964.24        8160.42        1324.99         216.82
2004    25      296534.14       36467.46       10807.27        1793.58         367.60
2004    26      298397.28       44452.51       13918.51        2329.96         520.20
2004    27      292948.10       54459.87       18092.27        2958.72         695.69
2004    28      276806.91       66725.27       23719.87        3708.17         913.02
2004    29      253388.27       80907.95       31394.85        4677.97        1163.54
2004    30      221030.93       93456.42       40698.70        5823.54        1450.98
2004    31      193296.26      105651.32       53402.91        7388.15        1820.27
2004    32      165283.83      113117.39       68366.01        9273.81        2217.93
2004    33      138672.06      115038.03       84702.20       11699.79        2666.86
2004    34      116381.83      113338.92      102387.52       14755.18        3199.30
2004    35       97932.31      108836.82      118529.83       17928.88        3822.40
2004    36       85427.03      106336.50      135009.93       21633.63        4652.05
2004    37       74307.55      100288.66      144039.46       24786.64        5433.20
2004    38       66764.35       94445.13      150217.09       27874.21        6287.98
2004    39       60801.48       91565.12      157272.01       31402.87        7356.90
2004    40       55832.15       87199.62      158855.02       33848.68        8317.98
2004    41       51659.30       80375.83      154765.89       35205.62        9029.47
2004    42       48750.42       75420.62      152058.45       37006.26        9903.65
2004    43       46506.86       72134.10      151368.38       39424.58       11328.64
2004    44       44697.89       68610.88      150675.93       42508.13       13313.35
2004    45       43039.40       63777.05      146393.74       44693.86       14961.69
2004    46       41632.94       59827.67      141754.70       46615.54       16610.94
2004    47       38820.17       54087.35      133038.50       47167.21       17979.90
2004    48       36555.81       48938.22      125775.47       48019.13       19550.62
2004    49       35031.08       45197.75      119917.49       49415.50       21183.74
2004    50       33191.30       41338.84      114497.61       50852.62       23111.28
2004    51       32780.39       38618.87      113129.34       53939.60       26263.13
2004    52       31136.33       34520.21      105922.75       54241.91       27994.69
2004    53       30596.33       31891.48      100636.71       54790.67       29835.66
2004    54       30320.62       29626.49       97287.92       56046.36       32730.78
2004    55       31558.59       29857.85      101415.63       60288.87       36677.67
2005    12      207302.48           0.00           0.00           0.00           0.00
2005    13      208945.01          15.76           0.00           0.00           0.00
2005    14      210266.78          78.70           0.09           0.00           0.00
2005    15      214076.83         362.77           7.44           0.07           0.00
2005    16      217534.97        1104.72          41.25           1.63           0.42
2005    17      219848.78        2559.47         136.33           7.86           0.43
2005    18      225843.54        4972.14         379.64          25.96           1.02
2005    19      230404.63        8165.96         870.06          64.63           5.50
2005    20      241393.32       12148.61        1690.10         149.91          13.71
2005    21      248782.33       16256.59        2767.48         310.15          27.50
2005    22      260050.54       20728.35        4238.20         538.06          73.92
2005    23      270997.66       25402.41        6088.96         870.43         145.01
2005    24      282773.61       30835.18        8416.26        1374.33         220.90
2005    25      287931.58       36778.80       11186.71        1916.27         351.36
2005    26      293136.13       44873.26       14489.67        2486.86         544.41
2005    27      291583.39       54784.57       18459.81        3123.11         736.62
2005    28      282022.23       66851.57       23778.27        3860.17         964.48
2005    29      262257.94       80624.64       30862.62        4770.30        1229.11
2005    30      235692.46       95237.53       40456.10        5951.09        1510.78
2005    31      202239.58      105936.79       51725.20        7316.96        1834.99
2005    32      175469.06      114566.62       66576.50        9180.04        2259.74
2005    33      149710.10      117919.14       82770.37       11336.73        2708.10
2005    34      125887.23      116276.47       99301.94       14034.41        3198.51
2005    35      106278.47      112398.99      116104.69       17331.64        3768.03
2005    36       90330.57      107135.68      130112.67       20556.72        4419.08
2005    37       79843.58      104645.74      144369.20       24194.70        5259.11
2005    38       70434.63       99060.14      151034.05       27014.05        6021.55
2005    39       64114.86       93781.83      155424.41       29714.30        6824.60
2005    40       59016.60       91544.26      161239.72       32872.34        7819.81
2005    41       54806.28       87627.70      161768.04       34944.76        8705.23
2005    42       51237.92       81027.45      156995.13       36035.10        9326.43
2005    43       48658.70       76129.78      153842.17       37636.08       10124.35
2005    44       46605.86       72854.54      152938.57       39935.33       11510.50
2005    45       44915.08       69284.62      152125.52       42959.90       13477.08
2005    46       43330.74       64363.44      147711.79       45115.23       15117.36
2005    47       41942.88       60351.92      142969.40       47024.28       16763.42
2005    48       39108.85       54532.97      134118.27       47554.24       18128.74
2005    49       36832.73       49336.03      126786.27       48406.44       19709.44
2005    50       35270.24       45530.44      120786.45       49772.51       21338.31
2005    51       33409.00       41627.37      115288.66       51202.02       23271.10
2005    52       32988.69       38872.66      113867.49       54291.13       26434.36
2005    53       31319.42       34726.97      106554.63       54564.95       28161.72
2005    54       30784.71       32091.03      101263.43       55131.99       30021.31
2005    55       30919.77       31144.05       99063.66       55295.39       30893.09
2006    12      201145.20           0.00           0.00           0.00           0.00
2006    13      210336.64           9.91           0.08           0.00           0.00
2006    14      211842.77          93.51           1.53           0.00           0.00
2006    15      213054.23         368.19           6.01           0.00           0.00
2006    16      216361.99        1150.03          44.44           0.57           0.08
2006    17      219692.09        2699.65         154.25           7.49           0.50
2006    18      222591.63        5164.77         387.00          30.06           1.89
2006    19      229444.58        8641.28         865.44          74.62           6.92
2006    20      233955.66       12479.65        1706.26         151.07          17.71
2006    21      244697.75       16834.09        2918.05         303.40          37.86
2006    22      251842.44       21127.62        4363.34         553.32          69.03
2006    23      262651.89       25912.19        6276.96         898.80         140.92
2006    24      272604.93       31131.22        8633.62        1350.62         246.67
2006    25      282425.16       37625.31       11541.42        1978.64         366.69
2006    26      284868.32       45074.17       14909.80        2659.14         536.32
2006    27      286692.55       55023.13       19102.16        3330.74         769.30
2006    28      281134.32       66928.83       24226.75        4056.53        1007.90
2006    29      267597.98       80735.08       31047.01        4950.89        1282.15
2006    30      244576.60       95008.45       39976.00        6072.52        1594.25
2006    31      216419.11      108195.91       51770.77        7488.51        1919.07
2006    32      183971.87      115272.84       65000.41        9076.94        2281.60
2006    33      159176.63      119778.63       81338.56       11225.30        2762.93
2006    34      136041.70      119566.37       97829.94       13681.84        3246.74
2006    35      114877.11      115684.92      113364.33       16638.17        3761.14
2006    36       97925.74      110787.20      128299.45       19998.17        4359.84
2006    37       84436.67      105427.71      139866.89       23075.58        5012.10
2006    38       75688.11      103391.09      152020.02       26503.23        5850.81
2006    39       67609.18       98280.82      156747.72       28926.78        6553.67
2006    40       62265.27       93609.20      159631.70       31187.45        7277.11
2006    41       57899.22       91945.45      164352.03       34006.18        8203.60
2006    42       54269.98       88302.96      164172.74       35816.27        9006.12
2006    43       51084.24       81737.19      158894.11       36668.46        9545.92
2006    44       48764.77       76893.27      155539.98       38157.28       10301.93
2006    45       46805.41       73555.99      154427.76       40363.56       11666.14
2006    46       45176.19       69917.79      153483.88       43359.09       13624.68
2006    47       43644.55       64950.68      149010.76       45522.38       15261.95
2006    48       42241.22       60843.59      144106.33       47405.05       16900.22
2006    49       39375.42       54942.58      135105.53       47909.82       18264.54
2006    50       37073.87       49687.13      127667.70       48746.07       19847.95
2006    51       35502.94       45848.23      121619.84       50116.03       21486.27
2006    52       33619.07       41896.13      116031.38       51531.99       23420.72
2006    53       33176.74       39096.57      114525.44       54604.98       26586.76
2006    54       31483.98       34911.73      107122.31       54855.08       28311.37
2006    55       30561.23       32963.57      103216.24       54815.27       29055.61
2007    12      198783.58           0.00           0.00           0.00           0.00
2007    13      204644.89          10.96           0.15           0.00           0.00
2007    14      213769.93          79.84           3.52           0.08           0.00
2007    15      214993.82         392.52          11.00           0.34           0.00
2007    16      215851.27        1183.10          49.42           2.18           0.00
2007    17      218922.54        2842.88         171.23           7.95           0.08
2007    18      223266.35        5454.28         439.54          29.40           3.64
2007    19      227186.67        8987.98         932.11          83.38           8.29
2007    20      234218.12       13323.82        1780.07         178.62          19.02
2007    21      238225.96       17459.94        3025.46         316.28          47.87
2007    22      248737.67       22095.55        4652.06         570.17          89.00
2007    23      255451.17       26617.24        6513.53         936.02         143.45
2007    24      265077.68       31875.25        8962.20        1387.37         250.76
2007    25      273162.01       38043.31       11859.12        1975.57         413.20
2007    26      280399.68       46027.33       15383.58        2792.91         585.41
2007    27      279687.74       54989.44       19559.18        3609.39         790.37
2007    28      277553.89       66838.26       24928.81        4375.28        1070.65
2007    29      267813.38       80540.01       31550.19        5255.04        1347.04
2007    30      250875.02       95156.31       40210.28        6372.25        1683.08
2007    31      225992.13      108099.45       51226.60        7704.07        2056.56
2007    32      198172.62      118215.44       65119.74        9351.00        2432.49
2007    33      167714.70      121365.26       79566.77       11163.16        2838.82
2007    34      145162.53      122249.01       96465.09       13633.96        3356.67
2007    35      124456.57      119575.20      112263.72       16393.21        3853.66
2007    36      105914.34      114592.22      126135.42       19439.53        4381.36
2007    37       91506.67      109515.38      138660.57       22660.10        4990.93
2007    38       80130.05      104501.58      147820.14       25417.59        5629.42
2007    39       72741.94      102883.69      158375.03       28528.61        6418.72
2007    40       65663.10       98362.38      161535.04       30526.45        7033.41
2007    41       61077.35       94157.49      163028.13       32340.65        7672.57
2007    42       57314.30       92770.38      167004.56       34877.46        8519.48
2007    43       54076.65       89184.01      166356.20       36479.53        9246.77
2007    44       51187.04       82623.73      160834.83       37216.62        9733.80
2007    45       49004.95       77719.04      157277.90       38626.53       10460.16
2007    46       47071.63       74283.67      155947.11       40773.49       11804.74
2007    47       45491.02       70597.88      154921.09       43773.71       13763.14
2007    48       43976.55       65534.73      150309.58       45927.45       15399.98
2007    49       42549.80       61333.29      145245.96       47787.81       17036.09
2007    50       39655.37       55367.33      136125.29       48275.05       18404.26
2007    51       37342.81       50064.42      128624.59       49111.80       19998.42
2007    52       35743.68       46165.79      122459.18       50462.61       21635.18
2007    53       33833.06       42166.79      116780.31       51865.19       23571.82
2007    54       33354.55       39308.38      115146.03       54900.70       26730.59
2007    55       31836.85       36259.23      109121.03       53859.16       27009.76
2008    12      201831.72           0.00           0.00           0.00           0.00
2008    13      201958.11          11.47           0.01           0.00           0.00
2008    14      207750.13          89.17           2.01           0.08           0.00
2008    15      216649.25         400.99          10.89           0.83           0.00
2008    16      217660.32        1237.95          51.13           2.98           0.00
2008    17      218130.89        2872.86         188.73           8.72           0.00
2008    18      221740.07        5656.38         497.04          28.78           0.49
2008    19      226214.60        9461.96        1039.07          91.95           6.62
2008    20      230063.48       13812.07        1917.19         207.22          22.70
2008    21      236764.14       18482.32        3256.65         370.79          50.37
2008    22      240327.84       22699.23        4929.66         613.66          99.70
2008    23      250279.86       27570.54        7019.97        1001.59         170.91
2008    24      256033.50       32441.64        9372.21        1482.98         260.36
2008    25      263914.86       38544.78       12347.14        2074.63         419.21
2008    26      269698.99       45943.12       15871.22        2837.61         636.99
2008    27      273813.02       55325.39       20236.88        3817.65         874.01
2008    28      269776.80       65793.01       25443.38        4756.92        1141.77
2008    29      263889.63       79167.99       32290.93        5676.96        1469.63
2008    30      250714.08       93793.93       40748.41        6745.68        1805.28
2008    31      231616.55      107578.14       51469.82        8079.63        2209.22
2008    32      206965.25      117559.45       64469.35        9647.25        2634.64
2008    33      180699.24      123998.56       79906.13       11529.48        3054.74
2008    34      152898.01      123489.14       94736.04       13582.25        3482.29
2008    35      132739.85      121843.70      111073.20       16382.40        4017.12
2008    36      114568.76      118044.75      125227.77       19271.87        4521.44
2008    37       98581.97      112946.54      136699.15       22175.26        5041.83
2008    38       86414.33      108219.58      146738.78       25034.07        5630.46
2008    39       76786.55      103769.98      153977.91       27402.99        6211.17
2008    40       70419.12      102854.62      163049.96       30155.04        6923.72
2008    41       64162.45       98760.35      164758.91       31678.61        7440.06
2008    42       60272.92       94843.66      165430.59       33157.29        7990.27
2008    43       56954.39       93568.20      168956.54       35472.31        8761.31
2008    44       54008.94       89959.94      167995.35       36950.47        9420.65
2008    45       51311.12       83374.54      162337.93       37618.41        9868.21
2008    46       49194.98       78335.37      158538.81       38948.16       10566.84
2008    47       47302.55       74845.31      157106.26       41085.29       11902.38
2008    48       45726.74       71078.92      155950.98       44069.68       13859.08
2008    49       44217.29       65953.74      151254.45       46217.94       15499.29
2008    50       42764.26       61681.47      146057.77       48055.44       17133.44
2008    51       39849.27       55661.36      136838.86       48528.36       18502.07
2008    52       37512.66       50304.35      129233.20       49344.78       20093.78
2008    53       35900.03       46372.57      123008.03       50687.75       21732.61
2008    54       33958.38       42323.92      117219.79       52059.45       23660.28
2008    55       33579.91       40896.28      116754.70       53748.87       25346.20
2009    12      206717.85           0.00           0.00           0.00           0.00
2009    13      203828.86           9.70           0.00           0.00           0.00
2009    14      203711.70          81.49           0.16           0.00           0.00
2009    15      209413.92         381.15          11.31           0.15           0.00
2009    16      218069.70        1211.23          50.06           2.04           0.00
2009    17      218545.71        2824.36         170.90           8.85           0.00
2009    18      219012.03        5460.42         488.76          29.69           0.00
2009    19      221821.39        9387.75        1066.80          89.99           0.55
2009    20      225734.28       13987.42        1996.43         208.73          22.44
2009    21      229070.53       18565.40        3341.95         397.20          58.11
2009    22      235230.97       23271.72        5155.98         667.84         106.44
2009    23      238231.36       27414.92        7238.48        1032.74         183.20
2009    24      247339.09       32652.17        9782.79        1562.21         288.69
2009    25      251385.87       38144.87       12560.72        2187.96         421.59
2009    26      257281.56       45168.70       16167.55        2918.98         629.75
2009    27      260381.72       53840.23       20419.07        3815.53         913.39
2009    28      261251.93       64829.01       25733.49        4989.30        1223.35
2009    29      254054.73       76573.31       32241.08        6068.69        1558.83
2009    30      245127.42       90744.71       40857.94        7132.30        1944.35
2009    31      229963.00      104773.95       51294.00        8409.79        2329.12
2009    32      210832.09      116200.36       63987.19        9966.52        2788.31
2009    33      187631.80      122597.09       78509.82       11713.14        3248.27
2009    34      163804.30      125565.79       94783.12       13870.41        3692.54
2009    35      138980.27      122548.10      108711.74       16223.71        4099.40
2009    36      121486.07      119673.93      123388.52       19128.64        4639.89
2009    37      105972.20      115564.57      135450.75       21854.24        5161.52
2009    38       92288.41      110776.63      144462.44       24422.58        5667.15
2009    39       82042.72      106706.71      152398.49       26888.16        6201.28
2009    40       73830.47      102997.44      157900.82       28826.21        6691.50
2009    41       68435.55      102641.64      165690.66       31187.62        7310.67
2009    42       62957.53       98910.30      166544.77       32379.37        7723.77
2009    43       59596.12       95167.10      166660.96       33603.34        8190.35
2009    44       56602.90       93938.13      169899.77       35790.46        8893.82
2009    45       53853.83       90329.98      168769.79       37180.03        9505.75
2009    46       51294.22       83695.44      162969.83       37783.65        9929.98
2009    47       49227.17       78591.37      159043.28       39080.06       10613.59
2009    48       47353.25       75063.61      157547.98       41201.70       11941.19
2009    49       45782.85       71248.23      156307.94       44169.85       13894.53
2009    50       44262.79       66068.78      151505.61       46295.23       15529.13
2009    51       42809.61       61777.13      146274.64       48126.97       17160.91
2009    52       39881.60       55721.36      136979.39       48578.89       18521.15
2009    53       37538.36       50344.29      129334.66       49383.37       20110.05
2009    54       35919.53       46400.67      123084.44       50718.72       21746.13
2009    55       34480.03       43930.24      118193.71       50602.88       22083.50
2010    12      205709.18           0.00           0.00           0.00           0.00
2010    13      207959.11           8.30           0.00           0.00           0.00
2010    14      204816.63          72.66           0.00           0.00           0.00
2010    15      204384.07         331.54           5.59           0.00           0.00
2010    16      209900.91        1064.96          42.64           1.92           0.00
2010    17      218066.41        2609.43         156.41           9.83           0.00
2010    18      218399.92        5121.17         432.24          34.08           0.00
2010    19      218181.36        8678.76         991.92          89.38           0.00
2010    20      220348.63       13305.06        1949.30         197.15           9.08
2010    21      223636.18       18155.01        3308.24         389.14          52.91
2010    22      226317.36       22646.72        5050.85         683.60         114.83
2010    23      231885.44       27350.78        7307.56        1077.95         194.76
2010    24      233876.22       31639.02        9746.55        1558.99         304.39
2010    25      241364.01       37448.27       12696.79        2234.69         454.51
2010    26      243688.91       43653.08       15939.32        2959.25         640.36
2010    27      247220.95       51814.43       20162.64        3822.34         899.81
2010    28      247297.29       61969.43       25267.45        4912.75        1237.71
2010    29      244865.68       74411.16       31858.74        6227.76        1613.91
2010    30      235023.21       86885.94       39875.10        7442.67        2009.60
2010    31      224155.53      100661.51       50321.74        8701.32        2454.89
2010    32      208778.26      112731.93       62763.12       10194.64        2880.46
2010    33      190726.64      121044.99       77128.07       11962.93        3366.77
2010    34      169696.10      124247.19       92419.17       13937.72        3866.36
2010    35      148550.58      124756.48      108324.29       16355.35        4328.54
2010    36      126812.48      120374.84      120507.02       18757.50        4710.02
2010    37      112041.69      117017.28      133143.11       21570.01        5258.19
2010    38       98897.04      113131.76      142899.48       24016.40        5763.72
2010    39       87082.25      109001.59      149849.09       26222.80        6206.05
2010    40       78401.67      105677.76      156037.55       28268.48        6661.89
2010    41       71444.13      102519.26      160122.97       29747.93        7042.71
2010    42       66946.08      102496.75      167134.79       31787.13        7566.80
2010    43       62071.71       98980.51      167434.44       32739.39        7904.75
2010    44       59074.87       95326.95      167223.79       33836.33        8300.09
2010    45       56297.04       94110.71      170304.41       35941.34        8953.93
2010    46       53683.36       90481.10      169052.82       37272.12        9543.22
2010    47       51212.65       83811.97      163147.52       37841.39        9953.42
2010    48       49199.09       78692.94      159223.05       39127.61       10632.17
2010    49       47327.68       75110.93      157642.25       41225.76       11952.35
2010    50       45752.18       71262.11      156319.26       44172.95       13900.53
2010    51       44242.19       66071.81      151496.37       46293.55       15531.05
2010    52       42781.84       61750.44      146205.37       48105.46       17153.11
2010    53       39854.47       55694.05      136905.31       48552.77       18511.31
2010    54       37507.48       50308.08      129239.93       49346.97       20095.26
2010    55       36225.49       47426.89      124095.88       49177.04       20686.27
2011    12      209857.07           0.00           0.00           0.00           0.00
2011    13      206582.39          14.88           0.00           0.00           0.00
2011    14      208826.18          71.20           0.44           0.00           0.00
2011    15      205422.50         315.00           6.95           0.00           0.00
2011    16      204533.07         946.62          34.13           2.09           0.00
2011    17      209746.57        2277.95         131.46           9.53           0.00
2011    18      217811.21        4646.32         389.41          30.61           0.00
2011    19      217702.94        7948.92         876.47          86.38           0.44
2011    20      216991.63       12109.92        1767.93         184.94           4.99
2011    21      218617.96       16962.28        3142.51         360.75          28.24
2011    22      221419.66       21772.93        4907.11         643.94          97.71
2011    23      223427.76       26300.40        7062.34        1051.13         189.28
2011    24      227822.22       31189.93        9762.67        1563.87         305.93
2011    25      228481.19       35831.61       12514.54        2183.61         455.53
2011    26      234195.46       42428.41       15854.30        3011.50         652.96
2011    27      234240.44       49611.22       19627.10        3827.43         887.16
2011    28      234942.19       59137.80       24682.25        4851.71        1194.01
2011    29      231817.28       70621.42       30974.79        6099.62        1578.48
2011    30      226471.07       83919.02       39125.05        7544.79        2027.63
2011    31      214866.16       95959.78       48842.35        8934.65        2485.27
2011    32      203337.18      108077.36       61341.87       10422.75        2969.57
2011    33      188731.85      117294.16       75586.29       12124.80        3427.09
2011    34      172423.52      122703.30       90909.31       14165.80        3949.30
2011    35      153786.97      123563.98      105966.06       16365.24        4471.77
2011    36      135480.56      122498.78      120627.55       18880.49        4948.38
2011    37      116828.31      117559.15      130428.42       21177.56        5320.11
2011    38      104546.98      114360.95      140797.16       23726.47        5835.88
2011    39       93257.07      111212.92      148545.11       25810.08        6276.55
2011    40       82919.57      107907.75      153653.04       27622.56        6634.13
2011    41       75599.37      105180.86      158363.55       29228.33        6989.65
2011    42       69750.39      102374.31      161472.94       30338.66        7280.12
2011    43       65931.64      102549.96      168005.65       32130.70        7746.11
2011    44       61472.50       99108.58      167949.32       32925.76        8017.04
2011    45       58741.46       95486.26      167552.41       33959.84        8364.02
2011    46       56095.80       94221.47      170496.34       36012.72        8988.91
2011    47       53587.47       90590.23      169225.60       37327.24        9563.01
2011    48       51149.53       83859.91      163203.78       37861.11        9963.43
2011    49       49164.07       78740.87      159290.02       39144.04       10640.78
2011    50       47291.12       75135.69      157665.22       41229.22       11957.81
2011    51       45720.76       71252.41      156281.19       44161.53       13900.34
2011    52       44212.77       66040.37      151420.33       46270.56       15524.02
2011    53       42746.00       61707.51      146100.66       48071.66       17140.82
2011    54       39828.95       55666.96      136835.82       48527.35       18502.14
2011    55       37584.40       51616.97      130275.10       47890.20       18822.81
2012    12      216615.79           0.00           0.00           0.00           0.00
2012    13      210050.86          15.03           0.00           0.00           0.00
2012    14      206692.01          86.22           0.91           0.00           0.00
2012    15      209038.69         316.99           6.46           0.14           0.00
2012    16      205151.89         904.75          30.45           4.36           0.00
2012    17      203924.36        2086.64         108.37           9.89           0.00
2012    18      209184.18        4104.66         328.20          25.38           0.00
2012    19      216796.87        7209.24         779.86          75.68           0.49
2012    20      216260.18       11005.99        1563.37         168.27           5.42
2012    21      215106.23       15335.19        2835.78         323.95          19.78
2012    22      216374.57       20210.50        4615.01         580.82          64.51
2012    23      218309.50       25054.69        6751.43         974.09         161.04
2012    24      219310.53       29713.56        9260.34        1501.93         280.94
2012    25      222247.93       34967.74       12329.54        2140.74         439.92
2012    26      221236.65       40186.42       15455.71        2884.32         630.90
2012    27      224636.93       47724.10       19326.86        3827.79         874.99
2012    28      222187.16       56056.13       23731.88        4767.15        1148.14
2012    29      220015.77       66889.03       29853.07        5946.43        1506.22
2012    30      214087.74       79129.90       37567.15        7310.33        1951.96
2012    31      206666.96       92133.57       47553.91        8935.81        2445.31
2012    32      194349.45      102787.73       59029.90       10533.20        2944.73
2012    33      183224.33      112541.09       73171.43       12236.33        3476.10
2012    34      170174.64      118904.69       88555.37       14191.70        3973.52
2012    35      155807.55      121863.23      104018.12       16494.98        4502.93
2012    36      139951.46      121182.05      117965.07       18809.12        5022.13
2012    37      124577.27      119426.56      130623.73       21244.76        5519.76
2012    38      108665.25      114544.13      137954.02       23277.12        5850.58
2012    39       98379.98      112111.72      146273.16       25469.92        6309.77
2012    40       88585.45      109813.43      152188.87       27142.11        6678.60
2012    41       79588.67      107072.26      155809.37       28529.53        6940.94
2012    42       73420.29      104736.98      159472.62       29762.41        7215.35
2012    43       68440.90      102212.23      161974.15       30639.26        7431.63
2012    44       65098.84      102469.34      168121.13       32259.27        7830.56
2012    45       60951.23       99058.21      167899.12       32962.59        8062.67
2012    46       58420.49       95423.95      167425.60       33961.39        8383.68
2012    47       55869.67       94128.23      170298.94       35983.85        8989.56
2012    48       53408.79       90450.90      168937.14       37267.48        9553.71
2012    49       51014.62       83743.16      162944.76       37804.10        9952.02
2012    50       49030.54       78608.66      158993.36       39071.50       10623.56
2012    51       47176.52       74998.65      157360.30       41149.62       11936.63
2012    52       45615.77       71109.17      155959.04       44069.82       13872.78
2012    53       44093.89       65869.84      151029.58       46150.99       15484.32
2012    54       42655.71       61583.77      145804.11       47974.54       17106.32
2012    55       40240.89       57203.65      137065.90       46845.73       17273.52
2013    12      218488.29           0.00           0.00           0.00           0.00
2013    13      216184.12          13.23           0.00           0.00           0.00
2013    14      209516.51          81.92           0.58           0.00           0.00
2013    15      206106.12         326.97           5.12           0.00           0.00
2013    16      208167.84         896.21          30.21           1.87           0.00
2013    17      203815.42        1990.11         101.99           8.56           0.00
2013    18      202673.95        3786.73         276.34          20.76           0.41
2013    19      207501.70        6431.99         667.98          62.95           0.49
2013    20      214620.17       10015.58        1401.81         147.58           4.73
2013    21      213545.41       13899.71        2513.90         293.15          18.99
2013    22      212014.35       18198.05        4145.25         527.58          51.61
2013    23      212462.95       23124.71        6251.92         891.08         122.91
2013    24      213352.89       28090.71        8667.77        1407.97         247.04
2013    25      212758.99       32993.60       11519.13        2034.15         407.09
2013    26      213806.68       38809.28       14995.01        2784.81         606.55
2013    27      211013.50       44752.69       18525.90        3635.71         825.54
2013    28      211780.82       53330.21       22952.43        4697.77        1118.09
2013    29      207192.16       62805.26       28151.24        5753.71        1443.34
2013    30      202463.69       74319.22       35520.08        7064.98        1849.65
2013    31      194635.48       86403.52       44839.28        8569.12        2327.66
2013    32      186160.64       98391.01       56548.60       10369.79        2873.81
2013    33      174419.97      106823.63       69380.59       12169.79        3431.38
2013    34      164675.36      114040.55       84615.16       14091.38        3999.30
2013    35      153306.34      118092.10      100374.23       16242.02        4502.04
2013    36      141407.02      119487.84      115143.90       18702.01        5020.73
2013    37      128402.11      118042.68      127180.78       20990.44        5537.50
2013    38      115541.44      116281.95      137706.91       23223.65        6013.34
2013    39      101851.44      112122.97      142915.29       24871.46        6278.36
2013    40       93159.38      110453.65      149443.28       26697.06        6677.12
2013    41       84705.86      108628.36      153919.17       27966.14        6964.75
2013    42       76921.45      106246.29      156560.64       28977.06        7143.50
2013    43       71701.21      104225.33      159567.75       29966.09        7343.93
2013    44       67319.35      101788.17      161593.54       30679.71        7487.93
2013    45       64303.02      102077.98      167522.47       32208.73        7844.84
2013    46       60410.73       98712.10      167278.13       32873.73        8054.04
2013    47       58008.00       95063.55      166747.08       33839.00        8359.15
2013    48       55544.80       93754.53      169598.07       35838.75        8958.11
2013    49       53138.09       90097.58      168260.68       37120.49        9520.09
2013    50       50746.99       83373.57      162207.11       37633.98        9910.66
2013    51       48799.13       78279.81      158313.88       38905.10       10579.79
2013    52       46973.06       74695.45      156717.92       40981.12       11889.05
2013    53       45392.47       70770.95      155215.25       43858.69       13807.32
2013    54       43890.21       65572.21      150343.77       45941.89       15414.10
2013    55       42650.53       62523.54      146307.49       46306.63       15913.14
2014    12      218911.02           0.00           0.00           0.00           0.00
2014    13      218151.98           7.82           0.00           0.00           0.00
2014    14      215873.98          81.29           0.50           0.00           0.00
2014    15      208946.96         328.21           3.94           0.00           0.00
2014    16      205234.04         897.31          29.43           0.65           0.00
2014    17      206837.15        1942.30         104.69           4.66           0.00
2014    18      202603.74        3575.19         265.42          18.38           0.08
2014    19      201193.27        5951.70         593.04          55.62           0.50
2014    20      205680.76        9065.20        1210.66         130.10           5.97
2014    21      212159.05       12776.67        2229.39         268.16          20.69
2014    22      210685.15       16583.99        3658.48         488.79          49.78
2014    23      208567.48       20901.36        5638.24         809.47         107.09
2014    24      207819.95       25935.07        8066.15        1289.80         210.14
2014    25      207109.13       31239.00       10823.41        1916.09         374.98
2014    26      204858.15       36721.74       13975.09        2676.98         564.75
2014    27      204070.53       43260.73       17888.07        3561.58         794.97
2014    28      199102.09       50096.29       21952.05        4487.07        1058.75
2014    29      197461.43       59859.59       27100.07        5694.57        1401.51
2014    30      190702.50       69901.37       33402.84        6877.07        1778.01
2014    31      184157.62       81310.96       42287.48        8281.85        2233.00
2014    32      175488.68       92323.43       53168.01        9922.36        2762.63
2014    33      167175.88      102198.51       66502.42       11943.83        3360.95
2014    34      156718.23      108314.49       80353.63       13946.89        3944.95
2014    35      148368.59      113580.59       95914.28       16069.73        4521.90
2014    36      139101.08      116242.31      111125.06       18365.76        5022.82
2014    37      129619.18      116738.68      124339.95       20830.69        5531.28
2014    38      119196.23      115156.05      134506.65       22945.17        6018.46
2014    39      108320.33      113944.39      142981.52       24812.99        6460.40
2014    40       96392.30      110625.98      146281.93       26051.47        6655.97
2014    41       89105.38      109441.97      151353.17       27513.24        6964.04
2014    42       81888.30      107958.66      154813.19       28460.53        7162.67
2014    43       75023.20      105804.69      156778.16       29220.44        7264.42
2014    44       70460.14      103832.13      159321.50       30020.97        7406.93
2014    45       66485.20      101402.72      161069.16       30635.49        7505.85
2014    46       63709.20      101718.07      166897.93       32125.48        7835.07
2014    47       59991.16       98385.06      166665.95       32768.84        8033.11
2014    48       57670.65       94721.83      166092.20       33711.39        8331.97
2014    49       55277.51       93432.57      168990.38       35712.22        8930.84
2014    50       52881.29       89740.12      167578.07       36971.00        9485.06
2014    51       50518.58       83041.68      161547.65       37481.07        9871.70
2014    52       48602.48       77977.30      157703.05       38753.99       10539.90
2014    53       46763.58       74366.86      156031.36       40800.78       11837.46
2014    54       45190.21       70459.31      154533.62       43665.35       13747.01
2014    55       43916.02       66835.56      150228.05       44277.07       14472.72
2015    12      225667.26           0.00           0.00           0.00           0.00
2015    13      218957.68           7.46           0.00           0.00           0.00
2015    14      218256.75          64.44           0.08           0.00           0.00
2015    15      215798.59         317.13           6.38           0.00           0.00
2015    16      208465.73         884.35          29.03           1.80           0.00
2015    17      204312.22        1897.44         102.99           4.52           0.00
2015    18      206238.06        3471.68         278.56          13.72           0.00
2015    19      201679.07        5614.90         594.71          52.85           0.08
2015    20      200128.07        8428.46        1128.36         120.73           7.56
2015    21      204136.67       11703.45        1992.85         240.98          23.35
2015    22      210195.42       15446.50        3320.12         459.37          50.73
2015    23      208235.52       19252.51        5104.96         756.31         101.01
2015    24      205060.67       23678.09        7458.80        1185.22         186.87
2015    25      203168.61       29080.18       10269.05        1800.62         329.91
2015    26      200880.60       34944.77       13352.37        2581.68         528.69
2015    27      196864.55       41107.29       16929.77        3488.67         760.04
2015    28      193997.12       48668.45       21492.70        4461.09        1048.12
2015    29      186830.80       56376.58       26229.48        5495.70        1357.91
2015    30      182863.95       66843.35       32544.11        6867.95        1759.26
2015    31      174378.62       76743.32       40220.94        8143.00        2195.62
2015    32      166990.73       87144.37       50698.86        9708.72        2699.22
2015    33      158191.30       96348.32       63118.55       11575.24        3248.50
2015    34      150408.00      104051.33       77704.16       13818.62        3884.73
2015    35      141422.36      108081.27       91927.14       16023.09        4490.38
2015    36      134816.78      111907.97      107050.60       18295.33        5075.46
2015    37      127662.01      113797.39      120940.05       20554.97        5575.19
2015    38      120487.07      114054.27      132438.92       22881.47        6047.39
2015    39      112021.82      112937.16      140613.94       24682.94        6478.08
2015    40      102731.74      112471.20      147078.74       26131.17        6858.23
2015    41       92385.87      109814.67      148751.71       26949.93        6969.04
2015    42       86346.35      109022.96      152709.05       28088.21        7188.07
2015    43       80040.38      107754.38      155419.72       28798.21        7306.14
2015    44       73796.99      105670.27      156925.00       29370.47        7342.65
2015    45       69668.08      103694.40      159202.31       30057.82        7440.88
2015    46       65969.81      101239.16      160785.14       30614.09        7513.80
2015    47       63373.00      101554.15      166591.75       32080.31        7829.64
2015    48       59745.53       98217.67      166331.17       32708.01        8021.90
2015    49       57483.22       94556.91      165766.06       33650.19        8318.92
2015    50       55108.81       93246.06      168625.24       35638.80        8913.98
2015    51       52720.72       89527.98      167160.03       36879.89        9463.03
2015    52       50370.77       82820.42      161109.92       37379.45        9846.11
2015    53       48466.74       77769.19      157279.27       38649.60       10512.47
2015    54       46619.01       74144.85      155564.12       40679.40       11802.41
2015    55       45244.58       72224.21      154680.11       41840.47       12628.12
2016    12      229729.58           0.00           0.00           0.00           0.00
2016    13      226002.82           5.87           0.00           0.00           0.00
2016    14      219365.72          58.89           0.42           0.00           0.00
2016    15      218561.67         284.97           3.76           0.00           0.00
2016    16      215794.54         854.48          32.53           1.17           0.00
2016    17      207961.88        1844.29         107.72           5.88           0.00
2016    18      204210.13        3329.28         284.43          16.35           0.00
2016    19      205945.98        5454.17         615.25          46.51           0.00
2016    20      201145.90        7981.21        1143.09         114.77           4.99
2016    21      199271.22       10918.64        1938.05         224.52          20.14
2016    22      203003.65       14226.76        3081.05         413.76          48.08
2016    23      208683.20       18036.31        4777.71         723.64          97.45
2016    24      205745.17       22023.13        6898.38        1127.44         171.04
2016    25      201705.98       26789.98        9618.37        1699.14         293.68
2016    26      198358.67       32602.29       12860.14        2471.33         488.59
2016    27      194417.70       39116.52       16371.24        3417.59         738.44
2016    28      188545.28       46148.86       20507.49        4440.98        1023.44
2016    29      183398.60       54590.88       25885.64        5527.20        1375.40
2016    30      174186.97       62827.53       31588.58        6696.70        1746.19
2016    31      168349.93       73388.52       39280.09        8220.37        2211.23
2016    32      159175.68       82299.88       48433.01        9653.01        2687.48
2016    33      151353.71       91060.33       60391.81       11415.64        3224.03
2016    34      142809.94       98385.72       73991.59       13465.45        3809.70
2016    35      135991.85      104241.38       89206.63       15942.25        4478.06
2016    36      128702.56      106759.39      103059.70       18275.33        5088.15
2016    37      123966.03      109653.50      117118.26       20531.34        5666.44
2016    38      118800.04      111402.52      129363.80       22658.95        6134.71
2016    39      113329.53      112051.19      139021.61       24746.69        6534.35
2016    40      106460.69      111487.85      145256.86       26143.50        6882.71
2016    41       98707.87      111715.63      150117.81       27145.31        7191.21
2016    42       89681.38      109517.04      150477.15       27603.63        7209.23
2016    43       84569.77      108916.46      153587.81       28465.42        7348.73
2016    44       78875.53      107806.25      155870.26       29004.60        7402.10
2016    45       73032.25      105763.43      157105.36       29480.10        7399.14
2016    46       69198.89      103721.98      159185.77       30084.96        7466.99
2016    47       65685.01      101200.16      160668.80       30603.54        7517.96
2016    48       63189.10      101500.25      166462.42       32063.00        7828.77
2016    49       59603.50       98141.58      166166.87       32681.05        8017.16
2016    50       57376.10       94485.37      165608.63       33621.98        8313.45
2016    51       55008.37       93137.41      168409.33       35594.94        8904.08
2016    52       52623.76       89394.12      166897.30       36822.52        9448.69
2016    53       50293.21       82703.32      160879.00       37325.93        9832.51
2016    54       48376.97       77631.31      156998.01       38581.77       10494.17
2016    55       47599.28       75442.06      155120.93       39166.65       10872.09
2017    12      235167.50           0.00           0.00           0.00           0.00
2017    13      230457.60           7.20           0.41           0.00           0.00
2017    14      226758.01          58.70           0.74           0.00           0.00
2017    15      220031.41         253.49           4.21           0.00           0.00
2017    16      219019.18         792.31          26.27           0.15           0.00
2017    17      215849.71        1795.69         112.14           4.45           0.44
2017    18      208455.36        3233.61         292.04          18.51           1.15
2017    19      204880.79        5224.52         618.48          52.35           0.97
2017    20      206464.30        7761.92        1173.13         116.97           2.72
2017    21      201429.49       10415.21        1966.93         228.01          15.30
2017    22      199527.98       13395.72        3052.67         398.13          42.41
2017    23      203054.85       16740.62        4536.24         671.01          95.37
2017    24      207860.42       20759.68        6574.28        1105.71         176.52
2017    25      204015.65       25076.40        9022.66        1656.46         275.70
2017    26      198736.91       30285.46       12183.57        2384.34         444.27
2017    27      193732.56       36618.32       15895.50        3320.65         708.22
2017    28      187938.60       43924.26       19940.67        4417.46        1018.97
2017    29      179843.81       51774.36       24772.46        5578.21        1363.13
2017    30      172454.53       60747.96       31139.94        6838.97        1788.29
2017    31      161718.30       69006.37       37985.72        8135.79        2220.55
2017    32      154771.01       78808.46       47136.51        9800.34        2747.44
2017    33      145343.93       86075.29       57603.70       11399.33        3255.79
2017    34      137678.91       93079.52       70754.71       13367.92        3819.02
2017    35      129815.07       98713.93       85014.06       15604.57        4429.60
2017    36      124188.10      103306.49      100183.13       18227.00        5125.63
2017    37      118573.11      104923.69      112885.43       20529.83        5717.38
2017    38      115551.04      107621.85      125505.55       22696.87        6256.93
2017    39      111955.27      109624.43      136043.94       24611.83        6653.15
2017    40      107931.81      110796.75      144048.61       26309.87        6980.48
2017    41      102488.16      110926.02      148684.13       27214.43        7252.87
2017    42       96012.99      111609.80      152174.52       27851.46        7466.78
2017    43       87973.70      109625.35      151675.10       28037.51        7391.46
2017    44       83471.84      109141.38      154312.33       28718.99        7458.71
2017    45       78143.44      108033.93      156248.28       29147.93        7466.44
2017    46       72604.47      105986.04      157366.12       29560.96        7437.30
2017    47       68953.95      103861.08      159305.58       30125.73        7484.63
2017    48       65526.65      101245.24      160677.42       30615.84        7524.77
2017    49       63080.09      101521.58      166442.54       32063.63        7832.22
2017    50       59535.67       98166.50      166164.06       32682.85        8019.45
2017    51       57328.96       94478.75      165577.11       33616.16        8314.04
2017    52       54972.60       93107.51      168347.28       35580.36        8902.81
2017    53       52594.08       89353.05      166820.10       36804.97        9444.75
2017    54       50257.81       82649.36      160774.35       37302.40        9826.56
2017    55       48544.38       78854.65      156894.82       37500.17        9979.08
2018    12      239410.56           0.00           0.00           0.00           0.00
2018    13      236353.16           7.30           0.09           0.00           0.00
2018    14      231669.02          49.42           1.18           0.00           0.00
2018    15      227862.81         239.47           4.01           0.00           0.00
2018    16      220913.30         700.03          21.88           0.00           0.00
2018    17      219597.24        1629.96          97.77           1.29           0.07
2018    18      217374.13        3140.61         289.02          15.81           1.31
2018    19      210226.67        5066.43         624.07          53.71           2.66
2018    20      206558.55        7414.46        1166.10         119.67           7.40
2018    21      208078.92       10169.68        2004.01         234.67          17.88
2018    22      203129.75       12886.52        3097.42         410.48          39.70
2018    23      201317.10       15919.34        4506.30         662.07          88.07
2018    24      204359.15       19399.40        6317.26        1049.64         172.59
2018    25      208222.51       23745.86        8733.60        1630.15         287.17
2018    26      203038.20       28525.17       11557.50        2324.22         424.41
2018    27      196067.34       34248.82       15143.01        3236.85         654.74
2018    28      189322.01       41285.45       19423.30        4346.60         999.46
2018    29      181468.56       49376.31       24123.67        5593.71        1381.23
2018    30      171344.99       57674.38       29811.92        6930.46        1787.86
2018    31      162058.49       66750.86       37360.43        8337.18        2286.63
2018    32      150355.53       74208.68       45400.63        9733.38        2775.88
2018    33      142872.05       82696.34       55929.11       11618.41        3350.25
2018    34      133557.33       88344.51       67333.14       13409.31        3878.27
2018    35      126396.22       93763.35       81220.61       15534.11        4464.28
2018    36      119438.41       98183.38       95547.47       17881.01        5098.72
2018    37      115052.31      101997.46      109895.52       20505.26        5814.41
2018    38      110986.13      103443.20      121158.26       22701.39        6374.74
2018    39      109361.67      106339.63      132266.61       24671.05        6839.97
2018    40      107013.08      108817.67      141317.24       26229.83        7144.70
2018    41      104163.13      110584.69      147801.98       27496.27        7381.51
2018    42       99949.07      111136.91      151115.70       28002.06        7556.86
2018    43       94385.27      112050.65      153793.26       28354.43        7684.02
2018    44       86996.85      110138.89      152725.58       28348.04        7530.21
2018    45       82866.35      109615.44      154994.23       28916.99        7534.03
2018    46       77830.11      108496.64      156834.57       29292.75        7513.92
2018    47       72464.04      106364.52      157832.57       29668.45        7473.12
2018    48       68892.51      104129.79      159628.88       30198.00        7507.61
2018    49       65521.91      101458.51      160939.66       30673.74        7540.57
2018    50       63109.78      101723.57      166721.82       32121.10        7847.92
2018    51       59583.34       98330.69      166420.24       32732.09        8034.22
2018    52       57385.66       94608.99      165795.16       33658.48        8327.39
2018    53       55015.96       93193.40      168500.28       35611.67        8912.08
2018    54       52621.94       89408.76      166921.55       36827.16        9450.95
2018    55       50674.67       84347.82      160473.98       36104.26        9408.03
2019    12      242256.41           0.00           0.00           0.00           0.00
2019    13      241126.79           7.86           0.00           0.00           0.00
2019    14      238020.41          46.96           0.17           0.00           0.00
2019    15      233356.56         204.21           5.31           0.00           0.00
2019    16      229289.02         638.16          21.99           0.00           0.00
2019    17      221963.56        1448.88          78.44           1.87           0.00
2019    18      221974.50        2870.54         254.94          10.91           0.50
2019    19      220272.76        4973.75         607.77          50.77           2.66
2019    20      212868.95        7299.80        1154.96         125.26           8.93
2019    21      209031.01        9795.21        1986.03         237.77          24.23
2019    22      210839.97       12670.56        3141.50         423.97          48.08
2019    23      205962.96       15412.90        4529.44         703.05          84.69
2019    24      203844.28       18584.01        6286.76        1053.49         158.80
2019    25      206206.96       22362.03        8463.64        1562.28         281.41
2019    26      208710.24       27152.69       11215.12        2332.56         442.13
2019    27      201921.99       32490.30       14369.71        3190.11         645.88
2019    28      193286.99       38868.83       18528.34        4244.29         963.67
2019    29      184698.32       46601.90       23471.81        5546.58        1383.94
2019    30      174885.15       55224.73       28975.61        6976.53        1851.12
2019    31      162897.66       63688.13       35733.08        8437.82        2323.20
2019    32      152276.17       72172.61       44489.59        9972.09        2870.18
2019    33      140252.14       78412.77       53645.75       11515.98        3407.93
2019    34      132519.02       85582.26       65276.52       13614.93        4028.64
2019    35      123652.06       89892.21       77186.27       15569.53        4588.69
2019    36      117150.16       94160.85       91107.25       17837.27        5189.13
2019    37      111354.89       97704.30      104901.02       20188.82        5836.09
2019    38      108219.86      101139.03      118258.51       22713.82        6538.76
2019    39      105455.79      102737.75      128072.71       24669.58        7013.85
2019    40      104917.19      106140.13      137750.00       26325.11        7384.20
2019    41      103644.73      109078.40      145380.45       27520.09        7582.09
2019    42      101921.91      111092.75      150702.13       28399.06        7712.28
2019    43       98581.13      111833.49      153183.63       28585.03        7791.42
2019    44       93627.03      112881.85      155287.98       28764.44        7844.02
2019    45       86583.38      110910.24      153788.24       28627.92        7631.17
2019    46       82742.90      110360.34      155938.99       29131.91        7605.59
2019    47       77870.69      109144.65      157659.28       29467.90        7566.08
2019    48       72589.14      106926.81      158570.26       29818.10        7515.47
2019    49       69051.13      104595.33      160276.66       30328.03        7542.46
2019    50       65707.02      101887.74      161574.75       30800.90        7574.14
2019    51       63287.60      102100.14      167311.93       32238.52        7877.82
2019    52       59754.75       98654.66      166956.12       32838.78        8061.23
2019    53       57538.48       94878.06      166260.97       33752.33        8351.83
2019    54       55137.43       93408.16      168885.53       35692.33        8933.15
2019    55       52579.25       91173.67      167078.44       36130.80        9124.38
2020    12      249456.08           0.00           0.00           0.00           0.00
2020    13      243761.07           5.01           0.00           0.00           0.00
2020    14      242547.28          42.09           0.00           0.00           0.00
2020    15      239496.71         189.45           4.12           0.00           0.00
2020    16      234512.79         575.00          19.04           1.72           0.00
2020    17      230086.11        1346.84          69.38           3.46           0.00
2020    18      223703.26        2586.67         214.58           8.87           0.07
2020    19      224253.27        4636.92         538.18          39.88           2.14
2020    20      222143.09        7237.17        1117.82         121.85           7.71
2020    21      214272.64        9680.28        1940.29         244.66          25.06
2020    22      210720.46       12233.10        3058.56         423.60          54.61
2020    23      212492.36       15141.18        4498.78         716.12          93.27
2020    24      207211.96       17947.47        6178.74        1097.87         156.54
2020    25      204542.93       21414.88        8271.88        1547.03         271.95
2020    26      205865.28       25589.62       10724.53        2234.64         432.75
2020    27      207013.79       31003.23       13804.93        3195.95         656.54
2020    28      198587.69       36970.87       17402.67        4168.32         941.36
2020    29      188165.77       43952.84       22155.71        5393.64        1329.30
2020    30      177840.12       52309.09       27825.07        6867.64        1846.60
2020    31      166364.11       61183.86       34286.05        8426.77        2391.23
2020    32      153289.30       69150.78       42059.22       10015.60        2921.90
2020    33      142090.96       76743.32       51831.27       11695.18        3525.39
2020    34      130209.03       81748.93       61877.56       13392.79        4069.03
2020    35      122703.60       87680.24       74121.69       15682.15        4721.75
2020    36      114617.22       90912.05       85923.36       17729.41        5313.30
2020    37      109257.88       94192.49       99492.19       20028.45        5934.17
2020    38      104651.12       97216.14      112486.72       22268.18        6551.12
2020    39      102573.95      100709.77      124725.67       24603.12        7178.42
2020    40      100932.75      102694.83      133171.28       26243.92        7548.07
2020    41      101555.35      106486.32      141572.28       27537.51        7827.38
2020    42      101375.73      109611.42      148126.68       28369.21        7929.83
2020    43      100509.10      111760.83      152655.13       28951.57        7955.92
2020    44       97801.00      112626.91      154575.65       28972.04        7949.46
2020    45       93162.68      113606.39      156259.43       29029.02        7944.15
2020    46       86430.62      111597.22      154633.71       28825.00        7699.17
2020    47       82753.29      110938.09      156653.06       29278.82        7651.65
2020    48       77979.07      109658.41      158312.71       29602.25        7604.47
2020    49       72715.65      107344.41      159125.49       29930.08        7547.38
2020    50       69203.41      104962.15      160802.34       30430.42        7571.36
2020    51       65842.10      102192.22      162019.74       30890.83        7596.07
2020    52       63437.15      102384.71      167761.36       32329.15        7900.13
2020    53       59880.48       98872.64      167324.54       32912.30        8080.32
2020    54       57646.73       95065.27      166588.10       33818.22        8368.92
2020    55       56912.08       94287.47      168195.33       34710.34        8605.15
2021    12      249475.94           0.00           0.00           0.00           0.00
2021    13      250549.95           6.77           0.00           0.00           0.00
2021    14      244899.87          35.78           0.43           0.00           0.00
2021    15      243932.01         163.66           3.16           0.00           0.00
2021    16      240413.98         521.92          18.26           0.29           0.00
2021    17      234963.59        1206.38          64.59           5.29           0.00
2021    18      231575.75        2364.99         195.92          10.44           0.87
2021    19      225731.49        4115.53         476.15          33.14           1.32
2021    20      225321.61        6622.35        1015.27          97.51           7.12
2021    21      222540.15        9427.18        1862.56         224.77          24.68
2021    22      214508.39       11861.49        2966.83         407.90          58.45
2021    23      210843.74       14362.71        4336.58         676.53         105.66
2021    24      211931.17       17298.95        6014.03        1090.66         168.60
2021    25      206005.30       20355.95        7947.19        1573.50         269.49
2021    26      202622.93       24244.38       10299.38        2143.38         425.93
2021    27      202729.53       28947.18       13053.24        2994.84         630.42
2021    28      202110.69       35081.70       16527.68        4126.92         923.74
2021    29      191975.35       41648.94       20659.23        5256.88        1278.98
2021    30      179953.53       49288.39       26087.31        6630.20        1748.40
2021    31      168117.10       57960.26       32559.95        8203.09        2358.78
2021    32      155730.11       66480.76       39979.84        9881.07        2985.15
2021    33      142222.78       73497.28       48630.03       11622.95        3564.72
2021    34      131005.90       79885.60       59280.28       13492.68        4194.96
2021    35      119784.63       83682.98       69683.64       15327.57        4733.68
2021    36      113058.83       88512.71       82012.90       17698.90        5414.77
2021    37      106351.44       90761.41       93343.24       19745.53        6028.25
2021    38      102298.33       93468.37      106137.59       21947.36        6618.13
2021    39       98801.69       96483.86      118177.03       23981.75        7164.91
2021    40       97690.91      100314.23      129231.53       26053.68        7715.99
2021    41       97254.10      102672.74      136437.59       27329.22        8000.07
2021    42       99011.67      106671.34      143815.89       28285.16        8171.68
2021    43       99652.69      109920.81      149572.14       28842.94        8157.95
2021    44       99452.85      112267.41      153671.49       29263.27        8101.06
2021    45       97095.38      113099.78      155175.40       29147.91        8034.26
2021    46       92775.97      114075.36      156754.19       29151.93        7998.66
2021    47       86209.44      111915.02      154948.08       28892.54        7729.02
2021    48       82686.36      111208.89      156951.03       29341.12        7675.46
2021    49       77948.23      109857.15      158532.39       29653.02        7620.00
2021    50       72724.91      107504.34      159327.65       29972.71        7559.53
2021    51       69215.11      105071.49      160944.44       30459.17        7579.25
2021    52       65876.55      102290.53      162163.57       30919.90        7603.90
2021    53       63434.99      102396.89      167779.20       32333.27        7902.23
2021    54       59895.75       98905.08      167379.92       32923.44        8083.67
2021    55       58572.52       96165.46      165558.57       33045.58        8162.39
2022    12      242422.00           0.00           0.00           0.00           0.00
2022    13      252459.46           4.02           0.00           0.00           0.00
2022    14      253469.63          41.42           0.08           0.00           0.00
2022    15      248010.43         155.48           4.49           0.00           0.00
2022    16      246222.27         479.31          18.23           0.00           0.00
2022    17      242214.62        1132.12          66.16           1.89           0.00
2022    18      238956.74        2196.08         185.05          10.40           1.44
2022    19      236567.96        3868.65         454.07          34.33           2.84
2022    20      229634.18        5996.88         936.36          89.38           5.84
2022    21      228488.40        8738.11        1732.71         207.83          20.74
2022    22      225749.96       11669.00        2886.25         400.86          57.67
2022    23      217278.65       14075.53        4269.65         658.15         115.85
2022    24      213245.54       16619.61        5884.84        1030.55         186.01
2022    25      213839.56       19856.99        7843.66        1574.52         284.04
2022    26      207131.22       23294.65       10046.61        2205.93         430.30
2022    27      202532.98       27628.60       12742.55        2927.07         631.72
2022    28      201006.25       33046.37       15877.28        3941.77         897.59
2022    29      198369.12       40047.90       19906.03        5261.68        1274.85
2022    30      186289.22       47360.47       24777.70        6536.18        1709.26
2022    31      172656.38       55388.01       31027.23        8054.63        2272.64
2022    32      159534.87       63912.39       38429.98        9752.22        2974.14
2022    33      146444.84       71662.91       46850.78       11577.27        3659.46
2022    34      132770.09       77491.29       56314.75       13504.07        4279.49
2022    35      121783.43       82915.17       67552.51       15541.79        4952.15
2022    36      111376.70       85513.84       77908.51       17449.59        5504.48
2022    37      105790.16       89319.04       89963.36       19875.69        6192.33
2022    38      100373.36       90901.20      100565.06       21793.13        6754.77
2022    39       97388.60       93454.30      112576.54       23811.70        7291.70
2022    40       94778.19       96771.55      123471.52       25591.25        7772.44
2022    41       94599.79      101010.49      133317.43       27347.33        8235.23
2022    42       95229.61      103540.84      139476.86       28229.63        8410.60
2022    43       97808.83      107572.96      146078.25       28898.33        8460.09
2022    44       99071.75      110927.18      151365.40       29311.56        8342.79
2022    45       99181.87      113266.38      155074.04       29584.42        8227.84
2022    46       97058.57      114054.77      156355.75       29389.41        8125.84
2022    47       92895.03      114892.70      157748.26       29348.01        8064.32
2022    48       86451.86      112634.83      155855.77       29066.34        7783.56
2022    49       82950.23      111842.39      157773.48       29498.20        7722.27
2022    50       78257.17      110474.17      159382.57       29814.18        7663.77
2022    51       73020.65      108042.05      160110.39       30119.12        7598.05
2022    52       69503.46      105560.90      161684.62       30600.40        7614.54
2022    53       66098.68      102661.17      162744.16       31031.47        7631.45
2022    54       63639.16      102736.43      168333.45       32439.93        7929.31
2022    55       60475.91      100434.11      167100.36       32378.93        7901.34
2023    12      245600.53           0.00           0.00           0.00           0.00
2023    13      246597.97           6.40           0.40           0.00           0.00
2023    14      256535.81          37.93           0.41           0.00           0.00
2023    15      257490.26         167.64           1.57           0.00           0.00
2023    16      251365.97         463.60          16.16           0.00           0.00
2023    17      249186.02        1048.10          67.46           2.83           0.00
2023    18      248086.88        2101.69         192.46          10.65           0.23
2023    19      245719.42        3735.25         442.91          33.57           4.17
2023    20      242347.23        5881.07         909.08          83.01           9.51
2023    21      234789.18        8232.30        1636.16         186.11          16.10
2023    22      234075.72       11188.50        2746.82         375.97          48.00
2023    23      230905.28       14239.84        4240.99         657.81         114.35
2023    24      222264.61       16717.24        5924.53        1018.11         197.53
2023    25      217774.44       19473.66        7816.75        1512.35         299.99
2023    26      217649.49       23120.20       10125.56        2228.00         439.30
2023    27      209818.34       26934.50       12701.02        3031.53         636.42
2023    28      203821.19       31884.47       15815.62        3908.46         905.89
2023    29      200371.47       38088.93       19488.62        5074.12        1244.72
2023    30      195433.64       45948.13       24301.08        6556.01        1713.32
2023    31      181668.43       53726.54       30010.33        7993.62        2235.49
2023    32      166449.96       61647.00       37153.35        9666.19        2892.19
2023    33      152428.75       69685.28       45507.73       11548.31        3677.35
2023    34      139102.54       76412.44       54781.90       13548.01        4405.13
2023    35      125422.01       81175.08       64857.68       15567.04        5071.11
2023    36      114885.68       85666.87       76276.33       17718.37        5782.64
2023    37      105509.34       87186.95       86174.00       19617.96        6310.26
2023    38      100882.84       90278.86       97726.74       21950.12        6970.94
2023    39       96498.39       91695.12      107528.37       23699.90        7489.09
2023    40       94227.90       94429.39      118555.21       25495.54        7957.44
2023    41       92429.77       98099.61      128300.33       26983.19        8324.15
2023    42       93117.85      102493.46      137111.55       28399.81        8680.91
2023    43       94550.52      105091.35      142483.28       29007.20        8746.09
2023    44       97689.59      109098.44      148511.71       29489.77        8688.99
2023    45       99301.14      112419.97      153504.29       29767.82        8510.74
2023    46       99566.94      114648.11      156906.24       29951.57        8350.89
2023    47       97588.97      115303.81      157999.20       29707.61        8222.07
2023    48       93487.79      116025.52      159238.65       29633.45        8147.05
2023    49       87021.81      113664.94      157202.98       29323.10        7855.97
2023    50       83573.26      112881.62      159185.45       29763.12        7795.88
2023    51       78840.59      111400.54      160703.43       30059.25        7730.10
2023    52       73547.59      108867.51      161328.10       30348.22        7656.44
2023    53       69980.96      106306.19      162824.19       30816.39        7668.79
2023    54       66483.84      103269.67      163706.49       31215.17        7677.24
2023    55       66067.34      103795.59      167463.91       32091.31        7858.53
